symbol,baseSymbol,expirationDate,strikePrice,moneyness,bidPrice,midpoint,askPrice,lastPrice,priceChange,percentChange,volume,openInterest,openInterestChange,delta,volatility,optionType,daysToExpiration,tradeTime,averageVolatility,historicVolatility30d,baseNextEarningsDate,dividendExDate,symbolType,time
$VIX|20240529|10.00WC,$VIX,05/29/24,10.00,+39.58%,3.89,6.46,9.03,0.00,unch,unch,0,0,unch,0.84259,339.14%,Call,34,N/A,79.55%,89.92%,N/A,N/A,Call,2024-04-25 12:43:35 EDT-0400
$VIX|20240529|10.50WC,$VIX,05/29/24,10.50,+36.56%,3.39,5.97,8.54,0.00,unch,unch,0,0,unch,0.83024,319.31%,Call,34,N/A,79.55%,89.92%,N/A,N/A,Call,2024-04-25 12:43:35 EDT-0400
$VIX|20240529|11.00WC,$VIX,05/29/24,11.00,+33.53%,2.90,5.47,8.04,0.00,unch,unch,0,0,unch,0.81725,299.79%,Call,34,N/A,79.55%,89.92%,N/A,N/A,Call,2024-04-25 12:43:35 EDT-0400
$VIX|20240529|11.50WC,$VIX,05/29/24,11.50,+30.51%,4.61,5.09,5.57,0.00,unch,unch,0,0,unch,0.96572,69.72%,Call,34,N/A,79.55%,89.92%,N/A,N/A,Call,2024-04-25 12:43:35 EDT-0400
$VIX|20240529|12.00WC,$VIX,05/29/24,12.00,+27.49%,4.13,4.61,5.08,0.00,unch,unch,0,0,unch,0.95627,65.65%,Call,34,N/A,79.55%,89.92%,N/A,N/A,Call,2024-04-25 12:43:35 EDT-0400
$VIX|20240529|12.50WC,$VIX,05/29/24,12.50,+24.47%,3.65,4.12,4.59,0.00,unch,unch,0,0,unch,0.94557,61.09%,Call,34,N/A,79.55%,89.92%,N/A,N/A,Call,2024-04-25 12:43:35 EDT-0400
$VIX|20240529|13.00WC,$VIX,05/29/24,13.00,+21.45%,3.21,3.66,4.11,0.00,unch,unch,0,0,unch,0.92220,59.75%,Call,34,N/A,79.55%,89.92%,N/A,N/A,Call,2024-04-25 12:43:35 EDT-0400
$VIX|20240529|13.50WC,$VIX,05/29/24,13.50,+18.43%,2.78,3.22,3.65,0.00,unch,unch,0,0,unch,0.89155,58.52%,Call,34,N/A,79.55%,89.92%,N/A,N/A,Call,2024-04-25 12:43:35 EDT-0400
$VIX|20240529|14.00WC,$VIX,05/29/24,14.00,+15.41%,2.40,2.83,3.26,0.00,unch,unch,0,0,unch,0.84111,60.82%,Call,34,N/A,79.55%,89.92%,N/A,N/A,Call,2024-04-25 12:43:35 EDT-0400
$VIX|20240529|14.50WC,$VIX,05/29/24,14.50,+12.39%,2.10,2.50,2.89,0.00,unch,unch,0,0,unch,0.78240,63.88%,Call,34,N/A,79.55%,89.92%,N/A,N/A,Call,2024-04-25 12:43:35 EDT-0400
$VIX|20240529|15.00WC,$VIX,05/29/24,15.00,+9.37%,1.86,2.22,2.58,0.00,unch,unch,0,0,unch,0.71976,67.95%,Call,34,N/A,79.55%,89.92%,N/A,N/A,Call,2024-04-25 12:43:35 EDT-0400
$VIX|20240529|16.00WC,$VIX,05/29/24,16.00,+3.32%,1.45,1.77,2.09,1.96,unch,unch,1,0,unch,0.60388,84.62%,Call,34,11:11 ET,79.55%,89.92%,N/A,N/A,Call,2024-04-25 12:43:35 EDT-0400
$VIX|20240529|17.00WC,$VIX,05/29/24,17.00,-2.72%,1.15,1.43,1.71,1.56,+0.03,+1.96%,11,0,unch,0.51422,87.24%,Call,34,11:43 ET,79.55%,89.92%,N/A,N/A,Call,2024-04-25 12:43:35 EDT-0400
$VIX|20240529|18.00WC,$VIX,05/29/24,18.00,-8.76%,0.95,1.19,1.44,0.00,unch,unch,0,0,unch,0.42902,87.28%,Call,34,N/A,79.55%,89.92%,N/A,N/A,Call,2024-04-25 12:43:35 EDT-0400
$VIX|20240529|19.00WC,$VIX,05/29/24,19.00,-14.80%,0.81,1.02,1.23,0.00,unch,unch,0,0,unch,0.36748,93.43%,Call,34,N/A,79.55%,89.92%,N/A,N/A,Call,2024-04-25 12:43:35 EDT-0400
$VIX|20240529|20.00WC,$VIX,05/29/24,20.00,-20.85%,0.69,0.89,1.08,0.00,unch,unch,0,0,unch,0.31862,99.16%,Call,34,N/A,79.55%,89.92%,N/A,N/A,Call,2024-04-25 12:43:35 EDT-0400
$VIX|20240529|21.00WC,$VIX,05/29/24,21.00,-26.89%,0.60,0.78,0.96,0.00,unch,unch,0,0,unch,0.27965,104.58%,Call,34,N/A,79.55%,89.92%,N/A,N/A,Call,2024-04-25 12:43:35 EDT-0400
$VIX|20240529|22.00WC,$VIX,05/29/24,22.00,-32.93%,0.53,0.70,0.86,0.00,unch,unch,0,0,unch,0.24790,109.61%,Call,34,N/A,79.55%,89.92%,N/A,N/A,Call,2024-04-25 12:43:35 EDT-0400
$VIX|20240529|23.00WC,$VIX,05/29/24,23.00,-38.97%,0.47,0.62,0.77,0.64,+0.64,unch,2,0,unch,0.22457,115.30%,Call,34,11:43 ET,79.55%,89.92%,N/A,N/A,Call,2024-04-25 12:43:35 EDT-0400
$VIX|20240529|24.00WC,$VIX,05/29/24,24.00,-45.02%,0.42,0.56,0.70,0.60,+0.60,unch,1,0,unch,0.20641,121.06%,Call,34,11:43 ET,79.55%,89.92%,N/A,N/A,Call,2024-04-25 12:43:35 EDT-0400
$VIX|20240529|25.00WC,$VIX,05/29/24,25.00,-51.06%,0.38,0.52,0.65,0.55,+0.55,unch,10,0,unch,0.18800,125.29%,Call,34,11:24 ET,79.55%,89.92%,N/A,N/A,Call,2024-04-25 12:43:35 EDT-0400
$VIX|20240529|26.00WC,$VIX,05/29/24,26.00,-57.10%,0.35,0.48,0.60,0.00,unch,unch,0,0,unch,0.16552,126.76%,Call,34,N/A,79.55%,89.92%,N/A,N/A,Call,2024-04-25 12:43:35 EDT-0400
$VIX|20240529|27.00WC,$VIX,05/29/24,27.00,-63.14%,0.32,0.44,0.55,0.00,unch,unch,0,0,unch,0.15117,130.15%,Call,34,N/A,79.55%,89.92%,N/A,N/A,Call,2024-04-25 12:43:35 EDT-0400
$VIX|20240529|28.00WC,$VIX,05/29/24,28.00,-69.18%,0.29,0.41,0.53,0.40,+0.40,unch,5,0,unch,0.13865,133.35%,Call,34,11:27 ET,79.55%,89.92%,N/A,N/A,Call,2024-04-25 12:43:35 EDT-0400
$VIX|20240529|29.00WC,$VIX,05/29/24,29.00,-75.23%,0.27,0.39,0.50,0.00,unch,unch,0,0,unch,0.13120,137.86%,Call,34,N/A,79.55%,89.92%,N/A,N/A,Call,2024-04-25 12:43:35 EDT-0400
$VIX|20240529|30.00WC,$VIX,05/29/24,30.00,-81.27%,0.25,0.36,0.47,0.38,+0.38,unch,3,0,unch,0.12650,142.96%,Call,34,11:08 ET,79.55%,89.92%,N/A,N/A,Call,2024-04-25 12:43:35 EDT-0400
$VIX|20240529|31.00WC,$VIX,05/29/24,31.00,-87.31%,0.23,0.35,0.46,0.00,unch,unch,0,0,unch,0.11560,144.79%,Call,34,N/A,79.55%,89.92%,N/A,N/A,Call,2024-04-25 12:43:35 EDT-0400
$VIX|20240529|32.00WC,$VIX,05/29/24,32.00,-93.35%,0.21,0.32,0.43,0.00,unch,unch,0,0,unch,0.10723,147.17%,Call,34,N/A,79.55%,89.92%,N/A,N/A,Call,2024-04-25 12:43:35 EDT-0400
$VIX|20240529|33.00WC,$VIX,05/29/24,33.00,-99.40%,0.20,0.31,0.41,0.00,unch,unch,0,0,unch,0.10143,150.28%,Call,34,N/A,79.55%,89.92%,N/A,N/A,Call,2024-04-25 12:43:35 EDT-0400
$VIX|20240529|34.00WC,$VIX,05/29/24,34.00,-105.44%,0.18,0.29,0.39,0.00,unch,unch,0,0,unch,0.09474,152.51%,Call,34,N/A,79.55%,89.92%,N/A,N/A,Call,2024-04-25 12:43:35 EDT-0400
$VIX|20240529|35.00WC,$VIX,05/29/24,35.00,-111.48%,0.17,0.28,0.38,0.00,unch,unch,0,0,unch,0.09057,155.64%,Call,34,N/A,79.55%,89.92%,N/A,N/A,Call,2024-04-25 12:43:35 EDT-0400
$VIX|20240529|36.00WC,$VIX,05/29/24,36.00,-117.52%,0.16,0.26,0.36,0.00,unch,unch,0,0,unch,0.08542,157.92%,Call,34,N/A,79.55%,89.92%,N/A,N/A,Call,2024-04-25 12:43:35 EDT-0400
$VIX|20240529|37.00WC,$VIX,05/29/24,37.00,-123.56%,0.15,0.25,0.35,0.00,unch,unch,0,0,unch,0.08160,160.61%,Call,34,N/A,79.55%,89.92%,N/A,N/A,Call,2024-04-25 12:43:35 EDT-0400
$VIX|20240529|38.00WC,$VIX,05/29/24,38.00,-129.61%,0.14,0.24,0.33,0.00,unch,unch,0,0,unch,0.07674,162.40%,Call,34,N/A,79.55%,89.92%,N/A,N/A,Call,2024-04-25 12:43:35 EDT-0400
$VIX|20240529|39.00WC,$VIX,05/29/24,39.00,-135.65%,0.13,0.23,0.32,0.00,unch,unch,0,0,unch,0.07318,164.67%,Call,34,N/A,79.55%,89.92%,N/A,N/A,Call,2024-04-25 12:43:35 EDT-0400
$VIX|20240529|40.00WC,$VIX,05/29/24,40.00,-141.69%,0.12,0.16,0.20,0.00,unch,unch,0,0,unch,0.05608,157.88%,Call,34,N/A,79.55%,89.92%,N/A,N/A,Call,2024-04-25 12:43:35 EDT-0400
$VIX|20240529|42.50WC,$VIX,05/29/24,42.50,-156.80%,0.10,0.20,0.29,0.00,unch,unch,0,0,unch,0.06264,171.94%,Call,34,N/A,79.55%,89.92%,N/A,N/A,Call,2024-04-25 12:43:35 EDT-0400
$VIX|20240529|45.00WC,$VIX,05/29/24,45.00,-171.90%,0.08,0.17,0.26,0.00,unch,unch,0,0,unch,0.05478,175.31%,Call,34,N/A,79.55%,89.92%,N/A,N/A,Call,2024-04-25 12:43:35 EDT-0400
$VIX|20240529|47.50WC,$VIX,05/29/24,47.50,-187.01%,0.07,0.16,0.25,0.00,unch,unch,0,0,unch,0.05085,180.50%,Call,34,N/A,79.55%,89.92%,N/A,N/A,Call,2024-04-25 12:43:35 EDT-0400
$VIX|20240529|50.00WC,$VIX,05/29/24,50.00,-202.11%,0.05,0.14,0.23,0.00,unch,unch,0,0,unch,0.04474,183.03%,Call,34,N/A,79.55%,89.92%,N/A,N/A,Call,2024-04-25 12:43:35 EDT-0400
$VIX|20240529|55.00WC,$VIX,05/29/24,55.00,-232.33%,0.03,0.12,0.20,0.00,unch,unch,0,0,unch,0.03669,189.10%,Call,34,N/A,79.55%,89.92%,N/A,N/A,Call,2024-04-25 12:43:35 EDT-0400
$VIX|20240529|60.00WC,$VIX,05/29/24,60.00,-262.54%,0.02,0.11,0.19,0.00,unch,unch,0,0,unch,0.03284,196.93%,Call,34,N/A,79.55%,89.92%,N/A,N/A,Call,2024-04-25 12:43:35 EDT-0400
$VIX|20240529|65.00WC,$VIX,05/29/24,65.00,-292.75%,0.01,0.09,0.17,0.00,unch,unch,0,0,unch,0.02809,201.93%,Call,34,N/A,79.55%,89.92%,N/A,N/A,Call,2024-04-25 12:43:35 EDT-0400
$VIX|20240529|70.00WC,$VIX,05/29/24,70.00,-322.96%,0.00,0.08,0.16,0.00,unch,unch,0,0,unch,0.00000,0.00%,Call,34,N/A,79.55%,89.92%,N/A,N/A,Call,2024-04-25 12:43:35 EDT-0400
$VIX|20240529|75.00WC,$VIX,05/29/24,75.00,-353.17%,0.00,0.08,0.15,0.00,unch,unch,0,0,unch,0.00000,0.00%,Call,34,N/A,79.55%,89.92%,N/A,N/A,Call,2024-04-25 12:43:35 EDT-0400
$VIX|20240529|80.00WC,$VIX,05/29/24,80.00,-383.38%,0.00,0.07,0.14,0.00,unch,unch,0,0,unch,0.00000,0.00%,Call,34,N/A,79.55%,89.92%,N/A,N/A,Call,2024-04-25 12:43:35 EDT-0400
$VIX|20240529|85.00WC,$VIX,05/29/24,85.00,-413.60%,0.00,0.07,0.13,0.00,unch,unch,0,0,unch,0.00000,0.00%,Call,34,N/A,79.55%,89.92%,N/A,N/A,Call,2024-04-25 12:43:35 EDT-0400
$VIX|20240529|90.00WC,$VIX,05/29/24,90.00,-443.81%,0.00,0.07,0.13,0.00,unch,unch,0,0,unch,0.00000,0.00%,Call,34,N/A,79.55%,89.92%,N/A,N/A,Call,2024-04-25 12:43:35 EDT-0400
$VIX|20240529|95.00WC,$VIX,05/29/24,95.00,-474.02%,0.00,0.06,0.12,0.00,unch,unch,0,0,unch,0.00000,0.00%,Call,34,N/A,79.55%,89.92%,N/A,N/A,Call,2024-04-25 12:43:35 EDT-0400
$VIX|20240529|100.00WC,$VIX,05/29/24,100.00,-504.23%,0.00,0.06,0.12,0.00,unch,unch,0,0,unch,0.00000,0.00%,Call,34,N/A,79.55%,89.92%,N/A,N/A,Call,2024-04-25 12:43:35 EDT-0400
$VIX|20240508|10.00WC,$VIX,05/08/24,10.00,+39.58%,4.78,6.17,7.56,0.00,unch,unch,0,0,unch,0.86199,350.20%,Call,13,N/A,73.82%,89.92%,N/A,N/A,Call,2024-04-25 12:43:35 EDT-0400
$VIX|20240508|10.50WC,$VIX,05/08/24,10.50,+36.56%,4.28,5.67,7.06,0.00,unch,unch,0,0,unch,0.85154,326.32%,Call,13,N/A,73.82%,89.92%,N/A,N/A,Call,2024-04-25 12:43:35 EDT-0400
$VIX|20240508|11.00WC,$VIX,05/08/24,11.00,+33.53%,3.78,5.17,6.56,6.38,unch,unch,0,10,unch,0.84027,303.51%,Call,13,04/17/24,73.82%,89.92%,N/A,N/A,Call,2024-04-25 12:43:35 EDT-0400
$VIX|20240508|11.50WC,$VIX,05/08/24,11.50,+30.51%,3.29,4.68,6.07,0.00,unch,unch,0,0,unch,0.82755,282.89%,Call,13,N/A,73.82%,89.92%,N/A,N/A,Call,2024-04-25 12:43:35 EDT-0400
$VIX|20240508|12.00WC,$VIX,05/08/24,12.00,+27.49%,2.79,4.18,5.57,4.31,unch,unch,0,22,unch,0.81411,261.75%,Call,13,04/22/24,73.82%,89.92%,N/A,N/A,Call,2024-04-25 12:43:35 EDT-0400
$VIX|20240508|12.50WC,$VIX,05/08/24,12.50,+24.47%,3.61,3.93,4.26,0.00,unch,unch,0,0,unch,0.88803,135.53%,Call,13,N/A,73.82%,89.92%,N/A,N/A,Call,2024-04-25 12:43:35 EDT-0400
$VIX|20240508|13.00WC,$VIX,05/08/24,13.00,+21.45%,3.13,3.45,3.76,3.90,+3.90,unch,5,0,unch,0.87670,121.35%,Call,13,10:19 ET,73.82%,89.92%,N/A,N/A,Call,2024-04-25 12:43:35 EDT-0400
$VIX|20240508|13.50WC,$VIX,05/08/24,13.50,+18.43%,2.68,2.97,3.26,2.25,unch,unch,2,2,unch,0.86311,107.46%,Call,13,04/24/24,73.82%,89.92%,N/A,N/A,Call,2024-04-25 12:43:35 EDT-0400
$VIX|20240508|14.00WC,$VIX,05/08/24,14.00,+15.41%,2.27,2.54,2.80,2.88,+0.68,+30.91%,15,253,-3,0.95826,51.98%,Call,13,10:10 ET,73.82%,89.92%,N/A,N/A,Call,2024-04-25 12:43:35 EDT-0400
$VIX|20240508|14.50WC,$VIX,05/08/24,14.50,+12.39%,1.85,2.10,2.35,2.30,+0.47,+25.68%,3,27,-30,0.81319,85.04%,Call,13,10:14 ET,73.82%,89.92%,N/A,N/A,Call,2024-04-25 12:43:35 EDT-0400
$VIX|20240508|15.00WC,$VIX,05/08/24,15.00,+9.37%,1.47,1.71,1.95,1.96,+0.66,+50.77%,6,690,+2,0.81489,60.65%,Call,13,09:51 ET,73.82%,89.92%,N/A,N/A,Call,2024-04-25 12:43:35 EDT-0400
$VIX|20240508|16.00WC,$VIX,05/08/24,16.00,+3.32%,0.92,1.11,1.30,1.31,+0.48,+57.83%,64,"1,303",+72,0.62147,68.00%,Call,13,11:23 ET,73.82%,89.92%,N/A,N/A,Call,2024-04-25 12:43:35 EDT-0400
$VIX|20240508|17.00WC,$VIX,05/08/24,17.00,-2.72%,0.75,0.78,0.80,0.77,+0.23,+42.59%,125,837,+96,0.45248,79.50%,Call,13,12:22 ET,73.82%,89.92%,N/A,N/A,Call,2024-04-25 12:43:35 EDT-0400
$VIX|20240508|18.00WC,$VIX,05/08/24,18.00,-8.76%,0.42,0.52,0.61,0.54,+0.16,+42.11%,186,915,+122,0.33609,90.04%,Call,13,12:24 ET,73.82%,89.92%,N/A,N/A,Call,2024-04-25 12:43:35 EDT-0400
$VIX|20240508|19.00WC,$VIX,05/08/24,19.00,-14.80%,0.30,0.40,0.50,0.38,unch,unch,108,542,+64,0.24053,93.81%,Call,13,12:04 ET,73.82%,89.92%,N/A,N/A,Call,2024-04-25 12:43:35 EDT-0400
$VIX|20240508|20.00WC,$VIX,05/08/24,20.00,-20.85%,0.30,0.31,0.31,0.39,+0.16,+69.57%,109,694,+125,0.18844,103.51%,Call,13,11:23 ET,73.82%,89.92%,N/A,N/A,Call,2024-04-25 12:43:35 EDT-0400
$VIX|20240508|21.00WC,$VIX,05/08/24,21.00,-26.89%,0.19,0.27,0.34,0.31,+0.09,+40.91%,9,161,+41,0.17138,120.00%,Call,13,11:23 ET,73.82%,89.92%,N/A,N/A,Call,2024-04-25 12:43:35 EDT-0400
$VIX|20240508|22.00WC,$VIX,05/08/24,22.00,-32.93%,0.23,0.27,0.30,0.25,+0.05,+25.00%,1,214,+140,0.13859,126.14%,Call,13,11:23 ET,73.82%,89.92%,N/A,N/A,Call,2024-04-25 12:43:35 EDT-0400
$VIX|20240508|23.00WC,$VIX,05/08/24,23.00,-38.97%,0.13,0.20,0.26,0.22,+0.02,+10.00%,4,442,+11,0.11892,134.36%,Call,13,10:15 ET,73.82%,89.92%,N/A,N/A,Call,2024-04-25 12:43:35 EDT-0400
$VIX|20240508|24.00WC,$VIX,05/08/24,24.00,-45.02%,0.11,0.17,0.23,0.15,unch,unch,141,266,+91,0.09426,137.21%,Call,13,04/24/24,73.82%,89.92%,N/A,N/A,Call,2024-04-25 12:43:35 EDT-0400
$VIX|20240508|25.00WC,$VIX,05/08/24,25.00,-51.06%,0.09,0.15,0.21,0.19,+0.09,+90.00%,16,216,+1,0.09593,151.77%,Call,13,11:45 ET,73.82%,89.92%,N/A,N/A,Call,2024-04-25 12:43:35 EDT-0400
$VIX|20240508|26.00WC,$VIX,05/08/24,26.00,-57.10%,0.08,0.13,0.17,0.50,unch,unch,0,39,unch,0.06845,147.88%,Call,13,04/19/24,73.82%,89.92%,N/A,N/A,Call,2024-04-25 12:43:35 EDT-0400
$VIX|20240508|27.00WC,$VIX,05/08/24,27.00,-63.14%,0.06,0.12,0.18,0.15,unch,unch,1,40,-1,0.06348,155.74%,Call,13,04/24/24,73.82%,89.92%,N/A,N/A,Call,2024-04-25 12:43:35 EDT-0400
$VIX|20240508|28.00WC,$VIX,05/08/24,28.00,-69.18%,0.05,0.11,0.16,0.09,unch,unch,100,116,+64,0.05531,160.23%,Call,13,04/24/24,73.82%,89.92%,N/A,N/A,Call,2024-04-25 12:43:35 EDT-0400
$VIX|20240508|29.00WC,$VIX,05/08/24,29.00,-75.23%,0.04,0.09,0.14,0.39,unch,unch,0,81,unch,0.04756,163.67%,Call,13,04/19/24,73.82%,89.92%,N/A,N/A,Call,2024-04-25 12:43:35 EDT-0400
$VIX|20240508|30.00WC,$VIX,05/08/24,30.00,-81.27%,0.05,0.10,0.14,0.12,+0.05,+71.43%,13,673,+30,0.05667,180.43%,Call,13,10:34 ET,73.82%,89.92%,N/A,N/A,Call,2024-04-25 12:43:35 EDT-0400
$VIX|20240508|31.00WC,$VIX,05/08/24,31.00,-87.31%,0.03,0.08,0.13,0.35,unch,unch,0,16,unch,0.04070,174.96%,Call,13,04/15/24,73.82%,89.92%,N/A,N/A,Call,2024-04-25 12:43:35 EDT-0400
$VIX|20240508|32.00WC,$VIX,05/08/24,32.00,-93.35%,0.02,0.08,0.13,0.18,unch,unch,0,8,unch,0.03762,179.90%,Call,13,04/22/24,73.82%,89.92%,N/A,N/A,Call,2024-04-25 12:43:35 EDT-0400
$VIX|20240508|33.00WC,$VIX,05/08/24,33.00,-99.40%,0.02,0.07,0.12,0.20,unch,unch,0,16,unch,0.03472,184.40%,Call,13,04/18/24,73.82%,89.92%,N/A,N/A,Call,2024-04-25 12:43:35 EDT-0400
$VIX|20240508|34.00WC,$VIX,05/08/24,34.00,-105.44%,0.01,0.06,0.11,0.20,unch,unch,0,1,unch,0.03005,186.16%,Call,13,04/18/24,73.82%,89.92%,N/A,N/A,Call,2024-04-25 12:43:35 EDT-0400
$VIX|20240508|35.00WC,$VIX,05/08/24,35.00,-111.48%,0.01,0.06,0.11,0.15,unch,unch,0,48,unch,0.02932,192.09%,Call,13,04/22/24,73.82%,89.92%,N/A,N/A,Call,2024-04-25 12:43:35 EDT-0400
$VIX|20240508|36.00WC,$VIX,05/08/24,36.00,-117.52%,0.00,0.05,0.10,0.23,unch,unch,0,8,unch,0.00000,0.00%,Call,13,04/19/24,73.82%,89.92%,N/A,N/A,Call,2024-04-25 12:43:35 EDT-0400
$VIX|20240508|37.00WC,$VIX,05/08/24,37.00,-123.56%,0.00,0.05,0.10,0.20,unch,unch,0,10,unch,0.00000,0.00%,Call,13,04/08/24,73.82%,89.92%,N/A,N/A,Call,2024-04-25 12:43:35 EDT-0400
$VIX|20240508|38.00WC,$VIX,05/08/24,38.00,-129.61%,0.00,0.05,0.09,0.00,unch,unch,0,0,unch,0.00000,0.00%,Call,13,N/A,73.82%,89.92%,N/A,N/A,Call,2024-04-25 12:43:35 EDT-0400
$VIX|20240508|39.00WC,$VIX,05/08/24,39.00,-135.65%,0.00,0.05,0.09,0.29,unch,unch,0,2,unch,0.00000,0.00%,Call,13,04/15/24,73.82%,89.92%,N/A,N/A,Call,2024-04-25 12:43:35 EDT-0400
$VIX|20240508|40.00WC,$VIX,05/08/24,40.00,-141.69%,0.00,0.04,0.08,0.05,unch,unch,1,154,unch,0.00000,0.00%,Call,13,04/24/24,73.82%,89.92%,N/A,N/A,Call,2024-04-25 12:43:35 EDT-0400
$VIX|20240508|42.50WC,$VIX,05/08/24,42.50,-156.80%,0.00,0.04,0.08,0.10,unch,unch,0,3,unch,0.00000,0.00%,Call,13,04/22/24,73.82%,89.92%,N/A,N/A,Call,2024-04-25 12:43:35 EDT-0400
$VIX|20240508|45.00WC,$VIX,05/08/24,45.00,-171.90%,0.00,0.04,0.07,0.17,unch,unch,0,7,unch,0.00000,0.00%,Call,13,04/18/24,73.82%,89.92%,N/A,N/A,Call,2024-04-25 12:43:35 EDT-0400
$VIX|20240508|47.50WC,$VIX,05/08/24,47.50,-187.01%,0.00,0.04,0.07,0.13,unch,unch,0,1,unch,0.00000,0.00%,Call,13,04/17/24,73.82%,89.92%,N/A,N/A,Call,2024-04-25 12:43:35 EDT-0400
$VIX|20240508|50.00WC,$VIX,05/08/24,50.00,-202.11%,0.00,0.03,0.06,0.01,-0.02,-66.67%,933,32,+13,0.00531,212.95%,Call,13,10:07 ET,73.82%,89.92%,N/A,N/A,Call,2024-04-25 12:43:35 EDT-0400
$VIX|20240508|55.00WC,$VIX,05/08/24,55.00,-232.33%,0.00,0.03,0.06,0.02,unch,unch,0,1,unch,0.00000,0.00%,Call,13,04/23/24,73.82%,89.92%,N/A,N/A,Call,2024-04-25 12:43:35 EDT-0400
$VIX|20240508|60.00WC,$VIX,05/08/24,60.00,-262.54%,0.00,0.03,0.06,0.07,unch,unch,0,63,unch,0.00000,0.00%,Call,13,04/18/24,73.82%,89.92%,N/A,N/A,Call,2024-04-25 12:43:35 EDT-0400
$VIX|20240508|65.00WC,$VIX,05/08/24,65.00,-292.75%,0.00,0.03,0.05,0.00,unch,unch,0,0,unch,0.00000,0.00%,Call,13,N/A,73.82%,89.92%,N/A,N/A,Call,2024-04-25 12:43:35 EDT-0400
$VIX|20240508|70.00WC,$VIX,05/08/24,70.00,-322.96%,0.00,0.03,0.05,0.01,unch,unch,0,6,unch,0.00000,0.00%,Call,13,04/22/24,73.82%,89.92%,N/A,N/A,Call,2024-04-25 12:43:35 EDT-0400
$VIX|20240508|75.00WC,$VIX,05/08/24,75.00,-353.17%,0.00,0.03,0.05,0.00,unch,unch,0,0,unch,0.00000,0.00%,Call,13,N/A,73.82%,89.92%,N/A,N/A,Call,2024-04-25 12:43:35 EDT-0400
$VIX|20240508|80.00WC,$VIX,05/08/24,80.00,-383.38%,0.00,0.03,0.05,0.00,unch,unch,0,0,unch,0.00000,0.00%,Call,13,N/A,73.82%,89.92%,N/A,N/A,Call,2024-04-25 12:43:35 EDT-0400
$VIX|20240508|85.00WC,$VIX,05/08/24,85.00,-413.60%,0.00,0.03,0.05,0.00,unch,unch,0,0,unch,0.00000,0.00%,Call,13,N/A,73.82%,89.92%,N/A,N/A,Call,2024-04-25 12:43:35 EDT-0400
$VIX|20240508|90.00WC,$VIX,05/08/24,90.00,-443.81%,0.00,0.03,0.05,0.00,unch,unch,0,0,unch,0.00000,0.00%,Call,13,N/A,73.82%,89.92%,N/A,N/A,Call,2024-04-25 12:43:35 EDT-0400
$VIX|20240508|95.00WC,$VIX,05/08/24,95.00,-474.02%,0.00,0.03,0.05,0.00,unch,unch,0,0,unch,0.00000,0.00%,Call,13,N/A,73.82%,89.92%,N/A,N/A,Call,2024-04-25 12:43:35 EDT-0400
$VIX|20240508|100.00WC,$VIX,05/08/24,100.00,-504.23%,0.00,0.03,0.05,0.00,unch,unch,0,0,unch,0.00000,0.00%,Call,13,N/A,73.82%,89.92%,N/A,N/A,Call,2024-04-25 12:43:35 EDT-0400
$VIX|20240501|10.00WC,$VIX,05/01/24,10.00,+39.58%,5.00,6.31,7.61,6.10,unch,unch,180,106,+76,0.85951,527.59%,Call,6,04/24/24,70.28%,89.92%,N/A,N/A,Call,2024-04-25 12:43:35 EDT-0400
$VIX|20240501|10.50WC,$VIX,05/01/24,10.50,+36.56%,4.50,5.81,7.11,0.00,unch,unch,0,0,unch,0.84886,491.93%,Call,6,N/A,70.28%,89.92%,N/A,N/A,Call,2024-04-25 12:43:35 EDT-0400
$VIX|20240501|11.00WC,$VIX,05/01/24,11.00,+33.53%,3.99,5.30,6.61,5.95,unch,unch,0,80,unch,0.83738,457.87%,Call,6,04/15/24,70.28%,89.92%,N/A,N/A,Call,2024-04-25 12:43:35 EDT-0400
$VIX|20240501|11.50WC,$VIX,05/01/24,11.50,+30.51%,3.49,4.80,6.11,0.00,unch,unch,0,0,unch,0.82492,425.20%,Call,6,N/A,70.28%,89.92%,N/A,N/A,Call,2024-04-25 12:43:35 EDT-0400
$VIX|20240501|12.00WC,$VIX,05/01/24,12.00,+27.49%,2.99,4.31,5.62,3.57,unch,unch,0,20,unch,0.81084,395.47%,Call,6,04/11/24,70.28%,89.92%,N/A,N/A,Call,2024-04-25 12:43:35 EDT-0400
$VIX|20240501|12.50WC,$VIX,05/01/24,12.50,+24.47%,2.49,3.81,5.12,2.60,unch,unch,0,0,unch,0.79579,364.93%,Call,6,04/01/24,70.28%,89.92%,N/A,N/A,Call,2024-04-25 12:43:35 EDT-0400
$VIX|20240501|13.00WC,$VIX,05/01/24,13.00,+21.45%,2.62,3.56,4.49,3.70,+0.80,+27.59%,5,612,unch,0.88875,166.86%,Call,6,10:19 ET,70.28%,89.92%,N/A,N/A,Call,2024-04-25 12:43:35 EDT-0400
$VIX|20240501|13.50WC,$VIX,05/01/24,13.50,+18.43%,2.68,2.96,3.23,3.37,+1.15,+51.80%,2,109,+43,0.86713,154.09%,Call,6,09:38 ET,70.28%,89.92%,N/A,N/A,Call,2024-04-25 12:43:35 EDT-0400
$VIX|20240501|14.00WC,$VIX,05/01/24,14.00,+15.41%,2.20,2.47,2.74,2.09,unch,unch,55,202,+45,0.84749,136.31%,Call,6,04/24/24,70.28%,89.92%,N/A,N/A,Call,2024-04-25 12:43:35 EDT-0400
$VIX|20240501|14.50WC,$VIX,05/01/24,14.50,+12.39%,1.74,2.01,2.27,1.47,unch,unch,284,358,+278,0.97226,53.44%,Call,6,04/24/24,70.28%,89.92%,N/A,N/A,Call,2024-04-25 12:43:35 EDT-0400
$VIX|20240501|15.00WC,$VIX,05/01/24,15.00,+9.37%,1.30,1.55,1.80,1.69,+0.59,+53.64%,50,525,+34,0.81584,87.85%,Call,6,11:31 ET,70.28%,89.92%,N/A,N/A,Call,2024-04-25 12:43:35 EDT-0400
$VIX|20240501|16.00WC,$VIX,05/01/24,16.00,+3.32%,0.63,0.83,1.03,0.79,+0.20,+33.90%,221,"3,462","+2,826",0.67493,56.92%,Call,6,12:22 ET,70.28%,89.92%,N/A,N/A,Call,2024-04-25 12:43:35 EDT-0400
$VIX|20240501|17.00WC,$VIX,05/01/24,17.00,-2.72%,0.40,0.45,0.50,0.40,+0.09,+29.03%,939,"1,754",+484,0.40164,78.63%,Call,6,12:23 ET,70.28%,89.92%,N/A,N/A,Call,2024-04-25 12:43:35 EDT-0400
$VIX|20240501|18.00WC,$VIX,05/01/24,18.00,-8.76%,0.17,0.25,0.33,0.24,+0.09,+60.00%,446,"1,430",+139,0.22998,85.82%,Call,6,12:24 ET,70.28%,89.92%,N/A,N/A,Call,2024-04-25 12:43:35 EDT-0400
$VIX|20240501|19.00WC,$VIX,05/01/24,19.00,-14.80%,0.20,0.21,0.22,0.20,+0.07,+53.85%,112,798,-14,0.17722,110.65%,Call,6,12:21 ET,70.28%,89.92%,N/A,N/A,Call,2024-04-25 12:43:35 EDT-0400
$VIX|20240501|20.00WC,$VIX,05/01/24,20.00,-20.85%,0.11,0.14,0.17,0.16,+0.06,+60.00%,519,"3,677","+2,403",0.11974,119.95%,Call,6,12:23 ET,70.28%,89.92%,N/A,N/A,Call,2024-04-25 12:43:35 EDT-0400
$VIX|20240501|21.00WC,$VIX,05/01/24,21.00,-26.89%,0.06,0.11,0.16,0.13,+0.06,+85.71%,135,494,-5,0.10091,138.01%,Call,6,10:38 ET,70.28%,89.92%,N/A,N/A,Call,2024-04-25 12:43:35 EDT-0400
$VIX|20240501|22.00WC,$VIX,05/01/24,22.00,-32.93%,0.05,0.09,0.13,0.10,+0.03,+42.86%,42,299,+17,0.07668,147.57%,Call,6,11:57 ET,70.28%,89.92%,N/A,N/A,Call,2024-04-25 12:43:35 EDT-0400
$VIX|20240501|23.00WC,$VIX,05/01/24,23.00,-38.97%,0.05,0.09,0.13,0.09,+0.02,+28.57%,160,478,+195,0.06548,160.73%,Call,6,10:54 ET,70.28%,89.92%,N/A,N/A,Call,2024-04-25 12:43:35 EDT-0400
$VIX|20240501|24.00WC,$VIX,05/01/24,24.00,-45.02%,0.05,0.08,0.12,0.08,+0.01,+14.29%,"5,021",953,unch,0.05601,172.11%,Call,6,11:20 ET,70.28%,89.92%,N/A,N/A,Call,2024-04-25 12:43:35 EDT-0400
$VIX|20240501|25.00WC,$VIX,05/01/24,25.00,-51.06%,0.03,0.07,0.10,0.06,unch,unch,11,"2,190",unch,0.04266,176.84%,Call,6,10:57 ET,70.28%,89.92%,N/A,N/A,Call,2024-04-25 12:43:35 EDT-0400
$VIX|20240501|26.00WC,$VIX,05/01/24,26.00,-57.10%,0.02,0.06,0.10,0.05,+0.01,+25.00%,6,148,unch,0.03518,184.12%,Call,6,10:51 ET,70.28%,89.92%,N/A,N/A,Call,2024-04-25 12:43:35 EDT-0400
$VIX|20240501|27.00WC,$VIX,05/01/24,27.00,-63.14%,0.00,0.05,0.09,0.04,-0.01,-20.00%,3,135,+3,0.02822,189.41%,Call,6,10:51 ET,70.28%,89.92%,N/A,N/A,Call,2024-04-25 12:43:35 EDT-0400
$VIX|20240501|28.00WC,$VIX,05/01/24,28.00,-69.18%,0.02,0.05,0.07,0.05,unch,unch,8,103,+2,0.02945,204.32%,Call,6,04/24/24,70.28%,89.92%,N/A,N/A,Call,2024-04-25 12:43:35 EDT-0400
$VIX|20240501|29.00WC,$VIX,05/01/24,29.00,-75.23%,0.00,0.04,0.08,0.12,unch,unch,0,130,unch,0.00000,0.00%,Call,6,04/22/24,70.28%,89.92%,N/A,N/A,Call,2024-04-25 12:43:35 EDT-0400
$VIX|20240501|30.00WC,$VIX,05/01/24,30.00,-81.27%,0.03,0.04,0.04,0.03,-0.01,-25.00%,29,"1,325",+4,0.01985,212.70%,Call,6,12:23 ET,70.28%,89.92%,N/A,N/A,Call,2024-04-25 12:43:35 EDT-0400
$VIX|20240501|31.00WC,$VIX,05/01/24,31.00,-87.31%,0.00,0.02,0.04,0.04,unch,unch,0,7,unch,0.00000,0.00%,Call,6,04/23/24,70.28%,89.92%,N/A,N/A,Call,2024-04-25 12:43:35 EDT-0400
$VIX|20240501|32.00WC,$VIX,05/01/24,32.00,-93.35%,0.00,0.03,0.06,0.04,unch,unch,0,128,unch,0.00000,0.00%,Call,6,04/23/24,70.28%,89.92%,N/A,N/A,Call,2024-04-25 12:43:35 EDT-0400
$VIX|20240501|33.00WC,$VIX,05/01/24,33.00,-99.40%,0.00,0.03,0.06,0.06,unch,unch,0,12,unch,0.00000,0.00%,Call,6,04/22/24,70.28%,89.92%,N/A,N/A,Call,2024-04-25 12:43:35 EDT-0400
$VIX|20240501|34.00WC,$VIX,05/01/24,34.00,-105.44%,0.00,0.02,0.03,0.00,unch,unch,0,0,unch,0.00000,0.00%,Call,6,N/A,70.28%,89.92%,N/A,N/A,Call,2024-04-25 12:43:35 EDT-0400
$VIX|20240501|35.00WC,$VIX,05/01/24,35.00,-111.48%,0.00,0.02,0.03,0.02,+0.02,unch,1,138,unch,0.01230,244.02%,Call,6,12:17 ET,70.28%,89.92%,N/A,N/A,Call,2024-04-25 12:43:35 EDT-0400
$VIX|20240501|36.00WC,$VIX,05/01/24,36.00,-117.52%,0.00,0.02,0.03,0.13,unch,unch,0,15,unch,0.00000,0.00%,Call,6,04/19/24,70.28%,89.92%,N/A,N/A,Call,2024-04-25 12:43:35 EDT-0400
$VIX|20240501|37.00WC,$VIX,05/01/24,37.00,-123.56%,0.00,0.03,0.05,0.14,unch,unch,0,31,unch,0.00000,0.00%,Call,6,04/09/24,70.28%,89.92%,N/A,N/A,Call,2024-04-25 12:43:35 EDT-0400
$VIX|20240501|38.00WC,$VIX,05/01/24,38.00,-129.61%,0.00,0.02,0.04,0.14,unch,unch,0,47,unch,0.00000,0.00%,Call,6,04/09/24,70.28%,89.92%,N/A,N/A,Call,2024-04-25 12:43:35 EDT-0400
$VIX|20240501|39.00WC,$VIX,05/01/24,39.00,-135.65%,0.00,0.02,0.03,0.10,unch,unch,0,61,unch,0.00000,0.00%,Call,6,04/19/24,70.28%,89.92%,N/A,N/A,Call,2024-04-25 12:43:35 EDT-0400
$VIX|20240501|40.00WC,$VIX,05/01/24,40.00,-141.69%,0.00,0.02,0.03,0.10,unch,unch,0,430,unch,0.00000,0.00%,Call,6,04/19/24,70.28%,89.92%,N/A,N/A,Call,2024-04-25 12:43:35 EDT-0400
$VIX|20240501|42.50WC,$VIX,05/01/24,42.50,-156.80%,0.00,0.02,0.03,0.06,unch,unch,0,29,unch,0.00000,0.00%,Call,6,04/19/24,70.28%,89.92%,N/A,N/A,Call,2024-04-25 12:43:35 EDT-0400
$VIX|20240501|45.00WC,$VIX,05/01/24,45.00,-171.90%,0.00,0.01,0.02,0.08,unch,unch,0,45,unch,0.00000,0.00%,Call,6,04/22/24,70.28%,89.92%,N/A,N/A,Call,2024-04-25 12:43:35 EDT-0400
$VIX|20240501|47.50WC,$VIX,05/01/24,47.50,-187.01%,0.00,0.02,0.03,0.12,unch,unch,0,3,unch,0.00000,0.00%,Call,6,04/15/24,70.28%,89.92%,N/A,N/A,Call,2024-04-25 12:43:35 EDT-0400
$VIX|20240501|50.00WC,$VIX,05/01/24,50.00,-202.11%,0.00,0.01,0.02,0.01,-0.01,-50.00%,87,168,+61,0.00531,313.70%,Call,6,10:03 ET,70.28%,89.92%,N/A,N/A,Call,2024-04-25 12:43:35 EDT-0400
$VIX|20240501|55.00WC,$VIX,05/01/24,55.00,-232.33%,0.00,0.01,0.02,0.05,unch,unch,0,7,unch,0.00000,0.00%,Call,6,04/18/24,70.28%,89.92%,N/A,N/A,Call,2024-04-25 12:43:35 EDT-0400
$VIX|20240501|60.00WC,$VIX,05/01/24,60.00,-262.54%,0.00,0.01,0.02,0.00,unch,unch,0,0,unch,0.00000,0.00%,Call,6,N/A,70.28%,89.92%,N/A,N/A,Call,2024-04-25 12:43:35 EDT-0400
$VIX|20240501|65.00WC,$VIX,05/01/24,65.00,-292.75%,0.00,0.02,0.04,0.00,unch,unch,0,0,unch,0.00000,0.00%,Call,6,N/A,70.28%,89.92%,N/A,N/A,Call,2024-04-25 12:43:35 EDT-0400
$VIX|20240501|70.00WC,$VIX,05/01/24,70.00,-322.96%,0.00,0.02,0.04,0.03,unch,unch,0,0,unch,0.00000,0.00%,Call,6,04/19/24,70.28%,89.92%,N/A,N/A,Call,2024-04-25 12:43:35 EDT-0400
$VIX|20240501|75.00WC,$VIX,05/01/24,75.00,-353.17%,0.00,0.02,0.04,0.00,unch,unch,0,0,unch,0.00000,0.00%,Call,6,N/A,70.28%,89.92%,N/A,N/A,Call,2024-04-25 12:43:35 EDT-0400
$VIX|20240501|80.00WC,$VIX,05/01/24,80.00,-383.38%,0.00,0.02,0.04,0.00,unch,unch,0,0,unch,0.00000,0.00%,Call,6,N/A,70.28%,89.92%,N/A,N/A,Call,2024-04-25 12:43:35 EDT-0400
$VIX|20240501|85.00WC,$VIX,05/01/24,85.00,-413.60%,0.00,0.02,0.04,0.00,unch,unch,0,0,unch,0.00000,0.00%,Call,6,N/A,70.28%,89.92%,N/A,N/A,Call,2024-04-25 12:43:35 EDT-0400
$VIX|20240501|90.00WC,$VIX,05/01/24,90.00,-443.81%,0.00,0.02,0.04,0.00,unch,unch,0,0,unch,0.00000,0.00%,Call,6,N/A,70.28%,89.92%,N/A,N/A,Call,2024-04-25 12:43:35 EDT-0400
$VIX|20240501|95.00WC,$VIX,05/01/24,95.00,-474.02%,0.00,0.02,0.04,0.00,unch,unch,0,0,unch,0.00000,0.00%,Call,6,N/A,70.28%,89.92%,N/A,N/A,Call,2024-04-25 12:43:35 EDT-0400
$VIX|20240501|100.00WC,$VIX,05/01/24,100.00,-504.23%,0.00,0.01,0.02,0.00,unch,unch,0,0,unch,0.00000,0.00%,Call,6,N/A,70.28%,89.92%,N/A,N/A,Call,2024-04-25 12:43:35 EDT-0400
$VIX|20240515|10.00WC,$VIX,05/15/24,10.00,+39.58%,5.04,6.48,7.91,0.00,unch,unch,0,0,unch,0.85174,321.67%,Call,20,N/A,75.02%,89.92%,N/A,N/A,Call,2024-04-25 12:43:35 EDT-0400
$VIX|20240515|10.50WC,$VIX,05/15/24,10.50,+36.56%,4.54,5.98,7.41,0.00,unch,unch,0,0,unch,0.84056,300.52%,Call,20,N/A,75.02%,89.92%,N/A,N/A,Call,2024-04-25 12:43:35 EDT-0400
$VIX|20240515|11.00WC,$VIX,05/15/24,11.00,+33.53%,4.05,5.48,6.91,6.46,unch,unch,0,30,unch,0.82860,280.36%,Call,20,04/17/24,75.02%,89.92%,N/A,N/A,Call,2024-04-25 12:43:35 EDT-0400
$VIX|20240515|11.50WC,$VIX,05/15/24,11.50,+30.51%,3.55,4.98,6.41,0.00,unch,unch,0,0,unch,0.81572,261.06%,Call,20,N/A,75.02%,89.92%,N/A,N/A,Call,2024-04-25 12:43:35 EDT-0400
$VIX|20240515|12.00WC,$VIX,05/15/24,12.00,+27.49%,3.06,4.49,5.92,4.20,unch,unch,0,7,unch,0.80146,243.44%,Call,20,04/23/24,75.02%,89.92%,N/A,N/A,Call,2024-04-25 12:43:35 EDT-0400
$VIX|20240515|12.50WC,$VIX,05/15/24,12.50,+24.47%,3.71,4.05,4.38,0.00,unch,unch,0,0,unch,0.97195,65.06%,Call,20,N/A,75.02%,89.92%,N/A,N/A,Call,2024-04-25 12:43:35 EDT-0400
$VIX|20240515|13.00WC,$VIX,05/15/24,13.00,+21.45%,3.23,3.55,3.87,0.00,unch,unch,0,0,unch,0.96575,58.51%,Call,20,N/A,75.02%,89.92%,N/A,N/A,Call,2024-04-25 12:43:35 EDT-0400
$VIX|20240515|13.50WC,$VIX,05/15/24,13.50,+18.43%,2.80,3.09,3.39,0.00,unch,unch,0,0,unch,0.93134,61.13%,Call,20,N/A,75.02%,89.92%,N/A,N/A,Call,2024-04-25 12:43:35 EDT-0400
$VIX|20240515|14.00WC,$VIX,05/15/24,14.00,+15.41%,2.35,2.65,2.94,3.64,unch,unch,0,40,unch,0.89460,60.05%,Call,20,04/17/24,75.02%,89.92%,N/A,N/A,Call,2024-04-25 12:43:35 EDT-0400
$VIX|20240515|14.50WC,$VIX,05/15/24,14.50,+12.39%,1.98,2.26,2.54,2.55,+0.04,+1.59%,4,2,unch,0.83044,63.44%,Call,20,09:31 ET,75.02%,89.92%,N/A,N/A,Call,2024-04-25 12:43:35 EDT-0400
$VIX|20240515|15.00WC,$VIX,05/15/24,15.00,+9.37%,1.70,1.94,2.18,2.27,+0.71,+45.51%,16,105,+6,0.75425,68.16%,Call,20,10:19 ET,75.02%,89.92%,N/A,N/A,Call,2024-04-25 12:43:35 EDT-0400
$VIX|20240515|16.00WC,$VIX,05/15/24,16.00,+3.32%,1.21,1.42,1.62,1.46,+0.35,+31.53%,45,431,+272,0.60616,77.90%,Call,20,11:22 ET,75.02%,89.92%,N/A,N/A,Call,2024-04-25 12:43:35 EDT-0400
$VIX|20240515|17.00WC,$VIX,05/15/24,17.00,-2.72%,0.90,1.07,1.23,1.45,+0.58,+66.67%,22,189,+58,0.48044,82.56%,Call,20,10:58 ET,75.02%,89.92%,N/A,N/A,Call,2024-04-25 12:43:35 EDT-0400
$VIX|20240515|18.00WC,$VIX,05/15/24,18.00,-8.76%,0.67,0.81,0.95,0.80,+0.15,+23.08%,19,646,+124,0.37826,88.19%,Call,20,12:00 ET,75.02%,89.92%,N/A,N/A,Call,2024-04-25 12:43:35 EDT-0400
$VIX|20240515|19.00WC,$VIX,05/15/24,19.00,-14.80%,0.52,0.65,0.78,0.72,+0.21,+41.18%,4,170,unch,0.31977,101.43%,Call,20,11:31 ET,75.02%,89.92%,N/A,N/A,Call,2024-04-25 12:43:35 EDT-0400
$VIX|20240515|20.00WC,$VIX,05/15/24,20.00,-20.85%,0.43,0.53,0.63,0.68,+0.27,+65.85%,112,807,+26,0.25093,102.86%,Call,20,10:13 ET,75.02%,89.92%,N/A,N/A,Call,2024-04-25 12:43:35 EDT-0400
$VIX|20240515|21.00WC,$VIX,05/15/24,21.00,-26.89%,0.36,0.44,0.52,0.46,+0.10,+27.78%,5,239,+1,0.21340,110.69%,Call,20,11:31 ET,75.02%,89.92%,N/A,N/A,Call,2024-04-25 12:43:35 EDT-0400
$VIX|20240515|22.00WC,$VIX,05/15/24,22.00,-32.93%,0.31,0.37,0.42,0.33,unch,unch,10,114,+5,0.17376,113.90%,Call,20,04/24/24,75.02%,89.92%,N/A,N/A,Call,2024-04-25 12:43:35 EDT-0400
$VIX|20240515|23.00WC,$VIX,05/15/24,23.00,-38.97%,0.27,0.35,0.43,0.26,unch,unch,32,114,+20,0.15858,123.33%,Call,20,04/24/24,75.02%,89.92%,N/A,N/A,Call,2024-04-25 12:43:35 EDT-0400
$VIX|20240515|24.00WC,$VIX,05/15/24,24.00,-45.02%,0.23,0.32,0.40,0.36,+0.36,unch,5,58,unch,0.15239,134.61%,Call,20,09:53 ET,75.02%,89.92%,N/A,N/A,Call,2024-04-25 12:43:35 EDT-0400
$VIX|20240515|25.00WC,$VIX,05/15/24,25.00,-51.06%,0.21,0.29,0.36,0.21,unch,unch,47,489,+38,0.12521,135.20%,Call,20,04/24/24,75.02%,89.92%,N/A,N/A,Call,2024-04-25 12:43:35 EDT-0400
$VIX|20240515|26.00WC,$VIX,05/15/24,26.00,-57.10%,0.19,0.26,0.33,0.19,unch,unch,30,44,+30,0.11269,140.57%,Call,20,04/24/24,75.02%,89.92%,N/A,N/A,Call,2024-04-25 12:43:35 EDT-0400
$VIX|20240515|27.00WC,$VIX,05/15/24,27.00,-63.14%,0.17,0.24,0.31,0.17,unch,unch,2,105,unch,0.10254,145.82%,Call,20,04/24/24,75.02%,89.92%,N/A,N/A,Call,2024-04-25 12:43:35 EDT-0400
$VIX|20240515|28.00WC,$VIX,05/15/24,28.00,-69.18%,0.15,0.22,0.28,0.18,unch,unch,34,145,+34,0.09167,149.57%,Call,20,04/24/24,75.02%,89.92%,N/A,N/A,Call,2024-04-25 12:43:35 EDT-0400
$VIX|20240515|29.00WC,$VIX,05/15/24,29.00,-75.23%,0.13,0.20,0.26,0.39,unch,unch,0,12,unch,0.08278,153.37%,Call,20,04/18/24,75.02%,89.92%,N/A,N/A,Call,2024-04-25 12:43:35 EDT-0400
$VIX|20240515|30.00WC,$VIX,05/15/24,30.00,-81.27%,0.12,0.17,0.22,0.16,+0.03,+23.08%,11,388,+69,0.06975,153.64%,Call,20,11:52 ET,75.02%,89.92%,N/A,N/A,Call,2024-04-25 12:43:35 EDT-0400
$VIX|20240515|31.00WC,$VIX,05/15/24,31.00,-87.31%,0.11,0.18,0.24,0.16,unch,unch,0,9,unch,0.07215,162.78%,Call,20,04/23/24,75.02%,89.92%,N/A,N/A,Call,2024-04-25 12:43:35 EDT-0400
$VIX|20240515|32.00WC,$VIX,05/15/24,32.00,-93.35%,0.10,0.17,0.23,0.22,+0.22,unch,1,2,unch,0.08259,176.95%,Call,20,09:30 ET,75.02%,89.92%,N/A,N/A,Call,2024-04-25 12:43:35 EDT-0400
$VIX|20240515|33.00WC,$VIX,05/15/24,33.00,-99.40%,0.09,0.15,0.21,0.15,unch,unch,1,1,+1,0.06126,169.49%,Call,20,04/24/24,75.02%,89.92%,N/A,N/A,Call,2024-04-25 12:43:35 EDT-0400
$VIX|20240515|34.00WC,$VIX,05/15/24,34.00,-105.44%,0.08,0.14,0.20,0.00,unch,unch,0,0,unch,0.05687,172.74%,Call,20,N/A,75.02%,89.92%,N/A,N/A,Call,2024-04-25 12:43:35 EDT-0400
$VIX|20240515|35.00WC,$VIX,05/15/24,35.00,-111.48%,0.07,0.13,0.19,0.11,unch,unch,0,131,unch,0.05265,175.60%,Call,20,04/23/24,75.02%,89.92%,N/A,N/A,Call,2024-04-25 12:43:35 EDT-0400
$VIX|20240515|36.00WC,$VIX,05/15/24,36.00,-117.52%,0.06,0.12,0.18,0.00,unch,unch,0,0,unch,0.04857,178.08%,Call,20,N/A,75.02%,89.92%,N/A,N/A,Call,2024-04-25 12:43:35 EDT-0400
$VIX|20240515|37.00WC,$VIX,05/15/24,37.00,-123.56%,0.06,0.12,0.18,0.00,unch,unch,0,0,unch,0.04760,182.86%,Call,20,N/A,75.02%,89.92%,N/A,N/A,Call,2024-04-25 12:43:35 EDT-0400
$VIX|20240515|38.00WC,$VIX,05/15/24,38.00,-129.61%,0.05,0.11,0.17,0.28,unch,unch,0,174,unch,0.04375,184.75%,Call,20,04/17/24,75.02%,89.92%,N/A,N/A,Call,2024-04-25 12:43:35 EDT-0400
$VIX|20240515|39.00WC,$VIX,05/15/24,39.00,-135.65%,0.05,0.11,0.16,0.43,unch,unch,0,5,unch,0.04149,187.73%,Call,20,04/12/24,75.02%,89.92%,N/A,N/A,Call,2024-04-25 12:43:35 EDT-0400
$VIX|20240515|40.00WC,$VIX,05/15/24,40.00,-141.69%,0.05,0.10,0.15,0.20,unch,unch,0,117,unch,0.03930,190.49%,Call,20,04/18/24,75.02%,89.92%,N/A,N/A,Call,2024-04-25 12:43:35 EDT-0400
$VIX|20240515|42.50WC,$VIX,05/15/24,42.50,-156.80%,0.03,0.09,0.14,0.26,unch,unch,0,102,unch,0.03335,195.58%,Call,20,04/15/24,75.02%,89.92%,N/A,N/A,Call,2024-04-25 12:43:35 EDT-0400
$VIX|20240515|45.00WC,$VIX,05/15/24,45.00,-171.90%,0.02,0.08,0.13,0.05,unch,unch,5,10,+5,0.02921,201.05%,Call,20,04/24/24,75.02%,89.92%,N/A,N/A,Call,2024-04-25 12:43:35 EDT-0400
$VIX|20240515|47.50WC,$VIX,05/15/24,47.50,-187.01%,0.01,0.07,0.12,0.00,unch,unch,0,0,unch,0.02528,205.37%,Call,20,N/A,75.02%,89.92%,N/A,N/A,Call,2024-04-25 12:43:35 EDT-0400
$VIX|20240515|50.00WC,$VIX,05/15/24,50.00,-202.11%,0.03,0.07,0.11,0.05,unch,unch,0,111,unch,0.02605,215.45%,Call,20,04/23/24,75.02%,89.92%,N/A,N/A,Call,2024-04-25 12:43:35 EDT-0400
$VIX|20240515|55.00WC,$VIX,05/15/24,55.00,-232.33%,0.00,0.05,0.10,0.12,unch,unch,0,2,unch,0.00000,0.00%,Call,20,04/18/24,75.02%,89.92%,N/A,N/A,Call,2024-04-25 12:43:35 EDT-0400
$VIX|20240515|60.00WC,$VIX,05/15/24,60.00,-262.54%,0.00,0.05,0.09,0.03,unch,unch,0,15,unch,0.00000,0.00%,Call,20,04/23/24,75.02%,89.92%,N/A,N/A,Call,2024-04-25 12:43:35 EDT-0400
$VIX|20240515|65.00WC,$VIX,05/15/24,65.00,-292.75%,0.00,0.04,0.08,0.04,unch,unch,0,20,unch,0.00000,0.00%,Call,20,04/22/24,75.02%,89.92%,N/A,N/A,Call,2024-04-25 12:43:35 EDT-0400
$VIX|20240515|70.00WC,$VIX,05/15/24,70.00,-322.96%,0.00,0.04,0.08,0.00,unch,unch,0,0,unch,0.00000,0.00%,Call,20,N/A,75.02%,89.92%,N/A,N/A,Call,2024-04-25 12:43:35 EDT-0400
$VIX|20240515|75.00WC,$VIX,05/15/24,75.00,-353.17%,0.00,0.04,0.07,0.00,unch,unch,0,0,unch,0.00000,0.00%,Call,20,N/A,75.02%,89.92%,N/A,N/A,Call,2024-04-25 12:43:35 EDT-0400
$VIX|20240515|80.00WC,$VIX,05/15/24,80.00,-383.38%,0.00,0.04,0.07,0.00,unch,unch,0,0,unch,0.00000,0.00%,Call,20,N/A,75.02%,89.92%,N/A,N/A,Call,2024-04-25 12:43:35 EDT-0400
$VIX|20240515|85.00WC,$VIX,05/15/24,85.00,-413.60%,0.01,0.04,0.07,0.01,unch,unch,0,14,unch,0.01306,274.70%,Call,20,04/23/24,75.02%,89.92%,N/A,N/A,Call,2024-04-25 12:43:35 EDT-0400
$VIX|20240515|90.00WC,$VIX,05/15/24,90.00,-443.81%,0.00,0.03,0.06,0.00,unch,unch,0,0,unch,0.00000,0.00%,Call,20,N/A,75.02%,89.92%,N/A,N/A,Call,2024-04-25 12:43:35 EDT-0400
$VIX|20240515|95.00WC,$VIX,05/15/24,95.00,-474.02%,0.00,0.03,0.06,0.00,unch,unch,0,0,unch,0.00000,0.00%,Call,20,N/A,75.02%,89.92%,N/A,N/A,Call,2024-04-25 12:43:35 EDT-0400
$VIX|20240515|100.00WC,$VIX,05/15/24,100.00,-504.23%,0.01,0.03,0.06,0.00,unch,unch,0,0,unch,0.01103,292.17%,Call,20,N/A,75.02%,89.92%,N/A,N/A,Call,2024-04-25 12:43:35 EDT-0400
$VIX|20240529|10.00WP,$VIX,05/29/24,10.00,-39.58%,0.00,0.01,0.02,0.00,unch,unch,0,0,unch,0.00000,0.00%,Put,34,N/A,79.55%,89.92%,N/A,N/A,Put,2024-04-25 12:43:35 EDT-0400
$VIX|20240529|10.50WP,$VIX,05/29/24,10.50,-36.56%,0.00,0.01,0.02,0.00,unch,unch,0,0,unch,0.00000,0.00%,Put,34,N/A,79.55%,89.92%,N/A,N/A,Put,2024-04-25 12:43:35 EDT-0400
$VIX|20240529|11.00WP,$VIX,05/29/24,11.00,-33.53%,0.00,0.01,0.02,0.00,unch,unch,0,0,unch,0.00000,0.00%,Put,34,N/A,79.55%,89.92%,N/A,N/A,Put,2024-04-25 12:43:35 EDT-0400
$VIX|20240529|11.50WP,$VIX,05/29/24,11.50,-30.51%,0.00,0.01,0.02,0.00,unch,unch,0,0,unch,0.00000,0.00%,Put,34,N/A,79.55%,89.92%,N/A,N/A,Put,2024-04-25 12:43:35 EDT-0400
$VIX|20240529|12.00WP,$VIX,05/29/24,12.00,-27.49%,0.00,0.03,0.06,0.00,unch,unch,0,0,unch,0.00000,0.00%,Put,34,N/A,79.55%,89.92%,N/A,N/A,Put,2024-04-25 12:43:35 EDT-0400
$VIX|20240529|12.50WP,$VIX,05/29/24,12.50,-24.47%,0.00,0.04,0.07,0.00,unch,unch,0,0,unch,0.00000,0.00%,Put,34,N/A,79.55%,89.92%,N/A,N/A,Put,2024-04-25 12:43:35 EDT-0400
$VIX|20240529|13.00WP,$VIX,05/29/24,13.00,-21.45%,0.00,0.06,0.12,0.00,unch,unch,0,0,unch,0.00000,0.00%,Put,34,N/A,79.55%,89.92%,N/A,N/A,Put,2024-04-25 12:43:35 EDT-0400
$VIX|20240529|13.50WP,$VIX,05/29/24,13.50,-18.43%,0.03,0.12,0.20,0.00,unch,unch,0,0,unch,-0.08815,52.58%,Put,34,N/A,79.55%,89.92%,N/A,N/A,Put,2024-04-25 12:43:35 EDT-0400
$VIX|20240529|14.00WP,$VIX,05/29/24,14.00,-15.41%,0.12,0.24,0.36,0.00,unch,unch,0,0,unch,-0.14839,57.48%,Put,34,N/A,79.55%,89.92%,N/A,N/A,Put,2024-04-25 12:43:35 EDT-0400
$VIX|20240529|14.50WP,$VIX,05/29/24,14.50,-12.39%,0.25,0.40,0.54,0.00,unch,unch,0,0,unch,-0.20938,60.61%,Put,34,N/A,79.55%,89.92%,N/A,N/A,Put,2024-04-25 12:43:35 EDT-0400
$VIX|20240529|15.00WP,$VIX,05/29/24,15.00,-9.37%,0.43,0.60,0.77,0.60,+0.60,unch,23,0,unch,-0.27377,64.02%,Put,34,11:48 ET,79.55%,89.92%,N/A,N/A,Put,2024-04-25 12:43:35 EDT-0400
$VIX|20240529|16.00WP,$VIX,05/29/24,16.00,-3.32%,0.91,1.14,1.36,1.19,+1.19,unch,20,0,unch,-0.39672,73.61%,Put,34,09:41 ET,79.55%,89.92%,N/A,N/A,Put,2024-04-25 12:43:35 EDT-0400
$VIX|20240529|17.00WP,$VIX,05/29/24,17.00,+2.72%,1.57,1.82,2.07,1.71,unch,unch,20,0,unch,-0.50517,72.74%,Put,34,09:41 ET,79.55%,89.92%,N/A,N/A,Put,2024-04-25 12:43:35 EDT-0400
$VIX|20240529|18.00WP,$VIX,05/29/24,18.00,+8.76%,2.28,2.58,2.87,2.55,unch,unch,1,0,unch,-0.58294,83.02%,Put,34,09:38 ET,79.55%,89.92%,N/A,N/A,Put,2024-04-25 12:43:35 EDT-0400
$VIX|20240529|19.00WP,$VIX,05/29/24,19.00,+14.80%,3.06,3.39,3.71,0.00,unch,unch,0,0,unch,-0.64595,89.62%,Put,34,N/A,79.55%,89.92%,N/A,N/A,Put,2024-04-25 12:43:35 EDT-0400
$VIX|20240529|20.00WP,$VIX,05/29/24,20.00,+20.85%,3.91,4.25,4.59,0.00,unch,unch,0,0,unch,-0.69677,95.21%,Put,34,N/A,79.55%,89.92%,N/A,N/A,Put,2024-04-25 12:43:35 EDT-0400
$VIX|20240529|21.00WP,$VIX,05/29/24,21.00,+26.89%,4.78,5.14,5.50,0.00,unch,unch,0,0,unch,-0.73819,100.16%,Put,34,N/A,79.55%,89.92%,N/A,N/A,Put,2024-04-25 12:43:35 EDT-0400
$VIX|20240529|22.00WP,$VIX,05/29/24,22.00,+32.93%,5.67,6.04,6.41,0.00,unch,unch,0,0,unch,-0.77441,103.99%,Put,34,N/A,79.55%,89.92%,N/A,N/A,Put,2024-04-25 12:43:35 EDT-0400
$VIX|20240529|23.00WP,$VIX,05/29/24,23.00,+38.97%,6.60,6.98,7.35,0.00,unch,unch,0,0,unch,-0.80016,108.73%,Put,34,N/A,79.55%,89.92%,N/A,N/A,Put,2024-04-25 12:43:35 EDT-0400
$VIX|20240529|24.00WP,$VIX,05/29/24,24.00,+45.02%,7.53,7.94,8.34,0.00,unch,unch,0,0,unch,-0.81851,114.25%,Put,34,N/A,79.55%,89.92%,N/A,N/A,Put,2024-04-25 12:43:35 EDT-0400
$VIX|20240529|25.00WP,$VIX,05/29/24,25.00,+51.06%,8.47,8.86,9.25,0.00,unch,unch,0,0,unch,-0.84498,116.05%,Put,34,N/A,79.55%,89.92%,N/A,N/A,Put,2024-04-25 12:43:35 EDT-0400
$VIX|20240529|26.00WP,$VIX,05/29/24,26.00,+57.10%,9.39,9.82,10.25,0.00,unch,unch,0,0,unch,-0.86037,119.76%,Put,34,N/A,79.55%,89.92%,N/A,N/A,Put,2024-04-25 12:43:35 EDT-0400
$VIX|20240529|27.00WP,$VIX,05/29/24,27.00,+63.14%,10.35,10.79,11.22,0.00,unch,unch,0,0,unch,-0.87365,123.21%,Put,34,N/A,79.55%,89.92%,N/A,N/A,Put,2024-04-25 12:43:35 EDT-0400
$VIX|20240529|28.00WP,$VIX,05/29/24,28.00,+69.18%,11.31,11.75,12.19,0.00,unch,unch,0,0,unch,-0.88697,125.99%,Put,34,N/A,79.55%,89.92%,N/A,N/A,Put,2024-04-25 12:43:35 EDT-0400
$VIX|20240529|29.00WP,$VIX,05/29/24,29.00,+75.23%,12.27,12.72,13.16,0.00,unch,unch,0,0,unch,-0.90037,128.06%,Put,34,N/A,79.55%,89.92%,N/A,N/A,Put,2024-04-25 12:43:35 EDT-0400
$VIX|20240529|30.00WP,$VIX,05/29/24,30.00,+81.27%,13.24,13.69,14.13,0.00,unch,unch,0,0,unch,-0.91224,130.01%,Put,34,N/A,79.55%,89.92%,N/A,N/A,Put,2024-04-25 12:43:35 EDT-0400
$VIX|20240529|31.00WP,$VIX,05/29/24,31.00,+87.31%,14.21,14.66,15.11,0.00,unch,unch,0,0,unch,-0.92239,131.97%,Put,34,N/A,79.55%,89.92%,N/A,N/A,Put,2024-04-25 12:43:35 EDT-0400
$VIX|20240529|32.00WP,$VIX,05/29/24,32.00,+93.35%,15.18,15.63,16.08,0.00,unch,unch,0,0,unch,-0.93347,132.53%,Put,34,N/A,79.55%,89.92%,N/A,N/A,Put,2024-04-25 12:43:35 EDT-0400
$VIX|20240529|33.00WP,$VIX,05/29/24,33.00,+99.40%,16.16,16.61,17.06,0.00,unch,unch,0,0,unch,-0.94132,133.95%,Put,34,N/A,79.55%,89.92%,N/A,N/A,Put,2024-04-25 12:43:35 EDT-0400
$VIX|20240529|34.00WP,$VIX,05/29/24,34.00,+105.44%,17.13,17.59,18.04,0.00,unch,unch,0,0,unch,-0.95273,133.72%,Put,34,N/A,79.55%,89.92%,N/A,N/A,Put,2024-04-25 12:43:35 EDT-0400
$VIX|20240529|35.00WP,$VIX,05/29/24,35.00,+111.48%,18.11,18.56,19.02,0.00,unch,unch,0,0,unch,-0.96137,133.45%,Put,34,N/A,79.55%,89.92%,N/A,N/A,Put,2024-04-25 12:43:35 EDT-0400
$VIX|20240529|36.00WP,$VIX,05/29/24,36.00,+117.52%,19.09,19.55,20.01,0.00,unch,unch,0,0,unch,-0.97103,133.42%,Put,34,N/A,79.55%,89.92%,N/A,N/A,Put,2024-04-25 12:43:35 EDT-0400
$VIX|20240529|37.00WP,$VIX,05/29/24,37.00,+123.56%,20.07,20.53,20.99,0.00,unch,unch,0,0,unch,-0.98148,129.67%,Put,34,N/A,79.55%,89.92%,N/A,N/A,Put,2024-04-25 12:43:35 EDT-0400
$VIX|20240529|38.00WP,$VIX,05/29/24,38.00,+129.61%,21.05,21.51,21.97,0.00,unch,unch,0,0,unch,-0.86343,198.64%,Put,34,N/A,79.55%,89.92%,N/A,N/A,Put,2024-04-25 12:43:35 EDT-0400
$VIX|20240529|39.00WP,$VIX,05/29/24,39.00,+135.65%,22.04,22.50,22.96,0.00,unch,unch,0,0,unch,-0.86662,201.98%,Put,34,N/A,79.55%,89.92%,N/A,N/A,Put,2024-04-25 12:43:35 EDT-0400
$VIX|20240529|40.00WP,$VIX,05/29/24,40.00,+141.69%,23.02,23.48,23.94,0.00,unch,unch,0,0,unch,-0.87140,204.22%,Put,34,N/A,79.55%,89.92%,N/A,N/A,Put,2024-04-25 12:43:35 EDT-0400
$VIX|20240529|42.50WP,$VIX,05/29/24,42.50,+156.80%,25.48,25.95,26.41,0.00,unch,unch,0,0,unch,-0.88004,211.03%,Put,34,N/A,79.55%,89.92%,N/A,N/A,Put,2024-04-25 12:43:35 EDT-0400
$VIX|20240529|45.00WP,$VIX,05/29/24,45.00,+171.90%,27.95,28.42,28.88,0.00,unch,unch,0,0,unch,-0.88821,216.97%,Put,34,N/A,79.55%,89.92%,N/A,N/A,Put,2024-04-25 12:43:35 EDT-0400
$VIX|20240529|47.50WP,$VIX,05/29/24,47.50,+187.01%,30.42,30.89,31.35,0.00,unch,unch,0,0,unch,-0.89588,222.12%,Put,34,N/A,79.55%,89.92%,N/A,N/A,Put,2024-04-25 12:43:35 EDT-0400
$VIX|20240529|50.00WP,$VIX,05/29/24,50.00,+202.11%,32.89,33.36,33.83,0.00,unch,unch,0,0,unch,-0.90144,227.72%,Put,34,N/A,79.55%,89.92%,N/A,N/A,Put,2024-04-25 12:43:35 EDT-0400
$VIX|20240529|55.00WP,$VIX,05/29/24,55.00,+232.33%,37.84,38.31,38.78,0.00,unch,unch,0,0,unch,-0.91428,236.01%,Put,34,N/A,79.55%,89.92%,N/A,N/A,Put,2024-04-25 12:43:35 EDT-0400
$VIX|20240529|60.00WP,$VIX,05/29/24,60.00,+262.54%,42.80,43.27,43.74,0.00,unch,unch,0,0,unch,-0.92429,243.46%,Put,34,N/A,79.55%,89.92%,N/A,N/A,Put,2024-04-25 12:43:35 EDT-0400
$VIX|20240529|65.00WP,$VIX,05/29/24,65.00,+292.75%,47.76,48.23,48.70,0.00,unch,unch,0,0,unch,-0.93319,249.14%,Put,34,N/A,79.55%,89.92%,N/A,N/A,Put,2024-04-25 12:43:35 EDT-0400
$VIX|20240529|70.00WP,$VIX,05/29/24,70.00,+322.96%,52.72,53.20,53.67,0.00,unch,unch,0,0,unch,-0.94200,254.85%,Put,34,N/A,79.55%,89.92%,N/A,N/A,Put,2024-04-25 12:43:35 EDT-0400
$VIX|20240529|75.00WP,$VIX,05/29/24,75.00,+353.17%,57.69,58.17,58.64,0.00,unch,unch,0,0,unch,-0.94967,259.12%,Put,34,N/A,79.55%,89.92%,N/A,N/A,Put,2024-04-25 12:43:35 EDT-0400
$VIX|20240529|80.00WP,$VIX,05/29/24,80.00,+383.38%,62.65,63.13,63.60,0.00,unch,unch,0,0,unch,-0.95854,259.71%,Put,34,N/A,79.55%,89.92%,N/A,N/A,Put,2024-04-25 12:43:35 EDT-0400
$VIX|20240529|85.00WP,$VIX,05/29/24,85.00,+413.60%,67.62,68.10,68.57,0.00,unch,unch,0,0,unch,-0.96898,259.99%,Put,34,N/A,79.55%,89.92%,N/A,N/A,Put,2024-04-25 12:43:35 EDT-0400
$VIX|20240529|90.00WP,$VIX,05/29/24,90.00,+443.81%,72.59,73.07,73.54,0.00,unch,unch,0,0,unch,-0.98408,257.03%,Put,34,N/A,79.55%,89.92%,N/A,N/A,Put,2024-04-25 12:43:35 EDT-0400
$VIX|20240529|95.00WP,$VIX,05/29/24,95.00,+474.02%,77.56,78.04,78.51,0.00,unch,unch,0,0,unch,0.00000,0.00%,Put,34,N/A,79.55%,89.92%,N/A,N/A,Put,2024-04-25 12:43:35 EDT-0400
$VIX|20240529|100.00WP,$VIX,05/29/24,100.00,+504.23%,82.53,83.01,83.48,0.00,unch,unch,0,0,unch,0.00000,0.00%,Put,34,N/A,79.55%,89.92%,N/A,N/A,Put,2024-04-25 12:43:35 EDT-0400
$VIX|20240508|10.00WP,$VIX,05/08/24,10.00,-39.58%,0.00,0.01,0.02,0.01,+0.01,unch,1,2,unch,-0.00788,115.19%,Put,13,09:57 ET,73.82%,89.92%,N/A,N/A,Put,2024-04-25 12:43:35 EDT-0400
$VIX|20240508|10.50WP,$VIX,05/08/24,10.50,-36.56%,0.00,0.01,0.02,0.00,unch,unch,0,0,unch,0.00000,0.00%,Put,13,N/A,73.82%,89.92%,N/A,N/A,Put,2024-04-25 12:43:35 EDT-0400
$VIX|20240508|11.00WP,$VIX,05/08/24,11.00,-33.53%,0.00,0.01,0.02,0.01,unch,unch,0,5,unch,0.00000,0.00%,Put,13,04/05/24,73.82%,89.92%,N/A,N/A,Put,2024-04-25 12:43:35 EDT-0400
$VIX|20240508|11.50WP,$VIX,05/08/24,11.50,-30.51%,0.00,0.01,0.02,0.00,unch,unch,0,0,unch,0.00000,0.00%,Put,13,N/A,73.82%,89.92%,N/A,N/A,Put,2024-04-25 12:43:35 EDT-0400
$VIX|20240508|12.00WP,$VIX,05/08/24,12.00,-27.49%,0.00,0.01,0.02,0.01,unch,unch,0,16,unch,0.00000,0.00%,Put,13,04/23/24,73.82%,89.92%,N/A,N/A,Put,2024-04-25 12:43:35 EDT-0400
$VIX|20240508|12.50WP,$VIX,05/08/24,12.50,-24.47%,0.00,0.02,0.03,0.03,unch,unch,0,201,unch,0.00000,0.00%,Put,13,04/23/24,73.82%,89.92%,N/A,N/A,Put,2024-04-25 12:43:35 EDT-0400
$VIX|20240508|13.00WP,$VIX,05/08/24,13.00,-21.45%,0.01,0.03,0.05,0.01,unch,unch,42,302,unch,-0.03280,71.38%,Put,13,04/24/24,73.82%,89.92%,N/A,N/A,Put,2024-04-25 12:43:35 EDT-0400
$VIX|20240508|13.50WP,$VIX,05/08/24,13.50,-18.43%,0.00,0.04,0.07,0.03,unch,unch,8,248,-3,0.00000,0.00%,Put,13,04/24/24,73.82%,89.92%,N/A,N/A,Put,2024-04-25 12:43:35 EDT-0400
$VIX|20240508|14.00WP,$VIX,05/08/24,14.00,-15.41%,0.05,0.08,0.12,0.11,unch,unch,"2,010","2,417","+2,010",-0.08490,66.68%,Put,13,04/24/24,73.82%,89.92%,N/A,N/A,Put,2024-04-25 12:43:35 EDT-0400
$VIX|20240508|14.50WP,$VIX,05/08/24,14.50,-12.39%,0.06,0.14,0.21,0.15,unch,unch,18,227,-2,-0.12855,64.07%,Put,13,04/24/24,73.82%,89.92%,N/A,N/A,Put,2024-04-25 12:43:35 EDT-0400
$VIX|20240508|15.00WP,$VIX,05/08/24,15.00,-9.37%,0.15,0.25,0.34,0.23,-0.15,-39.47%,6,209,-299,-0.19652,63.94%,Put,13,09:54 ET,73.82%,89.92%,N/A,N/A,Put,2024-04-25 12:43:35 EDT-0400
$VIX|20240508|16.00WP,$VIX,05/08/24,16.00,-3.32%,0.53,0.68,0.82,0.73,-0.03,-3.95%,16,557,-27,-0.37944,67.90%,Put,13,12:28 ET,73.82%,89.92%,N/A,N/A,Put,2024-04-25 12:43:35 EDT-0400
$VIX|20240508|17.00WP,$VIX,05/08/24,17.00,+2.72%,1.15,1.34,1.52,1.27,+0.02,+1.60%,10,162,unch,-0.54844,79.86%,Put,13,12:00 ET,73.82%,89.92%,N/A,N/A,Put,2024-04-25 12:43:35 EDT-0400
$VIX|20240508|18.00WP,$VIX,05/08/24,18.00,+8.76%,1.91,2.13,2.34,2.00,unch,unch,3,30,unch,-0.67940,84.67%,Put,13,10:48 ET,73.82%,89.92%,N/A,N/A,Put,2024-04-25 12:43:35 EDT-0400
$VIX|20240508|19.00WP,$VIX,05/08/24,19.00,+14.80%,2.75,2.99,3.22,3.00,unch,unch,3,4,-3,-0.72991,105.33%,Put,13,04/24/24,73.82%,89.92%,N/A,N/A,Put,2024-04-25 12:43:35 EDT-0400
$VIX|20240508|20.00WP,$VIX,05/08/24,20.00,+20.85%,3.61,3.88,4.14,4.30,unch,unch,0,3,unch,-0.78874,112.75%,Put,13,04/23/24,73.82%,89.92%,N/A,N/A,Put,2024-04-25 12:43:35 EDT-0400
$VIX|20240508|21.00WP,$VIX,05/08/24,21.00,+26.89%,4.54,4.83,5.12,4.24,unch,unch,0,13,unch,-0.82133,123.87%,Put,13,04/19/24,73.82%,89.92%,N/A,N/A,Put,2024-04-25 12:43:35 EDT-0400
$VIX|20240508|22.00WP,$VIX,05/08/24,22.00,+32.93%,5.49,5.79,6.09,5.00,unch,unch,0,2,unch,-0.84713,133.37%,Put,13,04/19/24,73.82%,89.92%,N/A,N/A,Put,2024-04-25 12:43:35 EDT-0400
$VIX|20240508|23.00WP,$VIX,05/08/24,23.00,+38.97%,6.45,6.76,7.06,6.36,-0.74,-10.42%,2,8,+1,-0.86845,141.65%,Put,13,09:52 ET,73.82%,89.92%,N/A,N/A,Put,2024-04-25 12:43:35 EDT-0400
$VIX|20240508|24.00WP,$VIX,05/08/24,24.00,+45.02%,7.42,7.73,8.03,7.00,unch,unch,0,0,unch,-0.88538,149.07%,Put,13,04/16/24,73.82%,89.92%,N/A,N/A,Put,2024-04-25 12:43:35 EDT-0400
$VIX|20240508|25.00WP,$VIX,05/08/24,25.00,+51.06%,8.40,8.71,9.01,7.78,unch,unch,0,4,unch,-0.89750,156.87%,Put,13,04/19/24,73.82%,89.92%,N/A,N/A,Put,2024-04-25 12:43:35 EDT-0400
$VIX|20240508|26.00WP,$VIX,05/08/24,26.00,+57.10%,9.38,9.69,10.00,8.49,unch,unch,0,4,unch,-0.90691,164.56%,Put,13,04/19/24,73.82%,89.92%,N/A,N/A,Put,2024-04-25 12:43:35 EDT-0400
$VIX|20240508|27.00WP,$VIX,05/08/24,27.00,+63.14%,10.36,10.67,10.98,0.00,unch,unch,0,0,unch,-0.91751,170.34%,Put,13,N/A,73.82%,89.92%,N/A,N/A,Put,2024-04-25 12:43:35 EDT-0400
$VIX|20240508|28.00WP,$VIX,05/08/24,28.00,+69.18%,11.34,11.66,11.97,0.00,unch,unch,0,0,unch,-0.92594,176.23%,Put,13,N/A,73.82%,89.92%,N/A,N/A,Put,2024-04-25 12:43:35 EDT-0400
$VIX|20240508|29.00WP,$VIX,05/08/24,29.00,+75.23%,12.33,12.65,12.96,0.00,unch,unch,0,0,unch,-0.93161,182.56%,Put,13,N/A,73.82%,89.92%,N/A,N/A,Put,2024-04-25 12:43:35 EDT-0400
$VIX|20240508|30.00WP,$VIX,05/08/24,30.00,+81.27%,13.32,13.64,13.95,0.00,unch,unch,0,0,unch,-0.93683,188.29%,Put,13,N/A,73.82%,89.92%,N/A,N/A,Put,2024-04-25 12:43:35 EDT-0400
$VIX|20240508|31.00WP,$VIX,05/08/24,31.00,+87.31%,14.30,14.62,14.94,0.00,unch,unch,0,0,unch,-0.94370,192.04%,Put,13,N/A,73.82%,89.92%,N/A,N/A,Put,2024-04-25 12:43:35 EDT-0400
$VIX|20240508|32.00WP,$VIX,05/08/24,32.00,+93.35%,15.29,15.61,15.93,0.00,unch,unch,0,0,unch,-0.94870,196.53%,Put,13,N/A,73.82%,89.92%,N/A,N/A,Put,2024-04-25 12:43:35 EDT-0400
$VIX|20240508|33.00WP,$VIX,05/08/24,33.00,+99.40%,16.28,16.60,16.92,0.00,unch,unch,0,0,unch,-0.95344,200.43%,Put,13,N/A,73.82%,89.92%,N/A,N/A,Put,2024-04-25 12:43:35 EDT-0400
$VIX|20240508|34.00WP,$VIX,05/08/24,34.00,+105.44%,17.28,17.60,17.91,0.00,unch,unch,0,0,unch,-0.95605,205.52%,Put,13,N/A,73.82%,89.92%,N/A,N/A,Put,2024-04-25 12:43:35 EDT-0400
$VIX|20240508|35.00WP,$VIX,05/08/24,35.00,+111.48%,18.27,18.59,18.91,19.25,unch,unch,1,1,+1,-0.95875,210.26%,Put,13,04/24/24,73.82%,89.92%,N/A,N/A,Put,2024-04-25 12:43:35 EDT-0400
$VIX|20240508|36.00WP,$VIX,05/08/24,36.00,+117.52%,19.26,19.58,19.90,0.00,unch,unch,0,0,unch,-0.96350,212.67%,Put,13,N/A,73.82%,89.92%,N/A,N/A,Put,2024-04-25 12:43:35 EDT-0400
$VIX|20240508|37.00WP,$VIX,05/08/24,37.00,+123.56%,20.26,20.58,20.89,0.00,unch,unch,0,0,unch,-0.96587,216.60%,Put,13,N/A,73.82%,89.92%,N/A,N/A,Put,2024-04-25 12:43:35 EDT-0400
$VIX|20240508|38.00WP,$VIX,05/08/24,38.00,+129.61%,21.25,21.57,21.89,0.00,unch,unch,0,0,unch,-0.96854,220.17%,Put,13,N/A,73.82%,89.92%,N/A,N/A,Put,2024-04-25 12:43:35 EDT-0400
$VIX|20240508|39.00WP,$VIX,05/08/24,39.00,+135.65%,22.24,22.56,22.88,0.00,unch,unch,0,0,unch,-0.97287,220.86%,Put,13,N/A,73.82%,89.92%,N/A,N/A,Put,2024-04-25 12:43:35 EDT-0400
$VIX|20240508|40.00WP,$VIX,05/08/24,40.00,+141.69%,23.24,23.56,23.88,0.00,unch,unch,0,0,unch,-0.97319,226.25%,Put,13,N/A,73.82%,89.92%,N/A,N/A,Put,2024-04-25 12:43:35 EDT-0400
$VIX|20240508|42.50WP,$VIX,05/08/24,42.50,+156.80%,25.73,26.05,26.37,0.00,unch,unch,0,0,unch,-0.97840,233.22%,Put,13,N/A,73.82%,89.92%,N/A,N/A,Put,2024-04-25 12:43:35 EDT-0400
$VIX|20240508|45.00WP,$VIX,05/08/24,45.00,+171.90%,28.22,28.54,28.86,0.00,unch,unch,0,0,unch,-0.98300,237.95%,Put,13,N/A,73.82%,89.92%,N/A,N/A,Put,2024-04-25 12:43:35 EDT-0400
$VIX|20240508|47.50WP,$VIX,05/08/24,47.50,+187.01%,29.90,31.28,32.65,0.00,unch,unch,0,0,unch,-0.91991,330.00%,Put,13,N/A,73.82%,89.92%,N/A,N/A,Put,2024-04-25 12:43:35 EDT-0400
$VIX|20240508|50.00WP,$VIX,05/08/24,50.00,+202.11%,32.39,33.77,35.15,0.00,unch,unch,0,0,unch,-0.92257,340.68%,Put,13,N/A,73.82%,89.92%,N/A,N/A,Put,2024-04-25 12:43:35 EDT-0400
$VIX|20240508|55.00WP,$VIX,05/08/24,55.00,+232.33%,37.37,38.75,40.14,0.00,unch,unch,0,0,unch,-0.92818,358.80%,Put,13,N/A,73.82%,89.92%,N/A,N/A,Put,2024-04-25 12:43:35 EDT-0400
$VIX|20240508|60.00WP,$VIX,05/08/24,60.00,+262.54%,42.36,43.75,45.13,0.00,unch,unch,0,0,unch,-0.93183,375.74%,Put,13,N/A,73.82%,89.92%,N/A,N/A,Put,2024-04-25 12:43:35 EDT-0400
$VIX|20240508|65.00WP,$VIX,05/08/24,65.00,+292.75%,47.35,48.74,50.12,0.00,unch,unch,0,0,unch,-0.93542,390.77%,Put,13,N/A,73.82%,89.92%,N/A,N/A,Put,2024-04-25 12:43:35 EDT-0400
$VIX|20240508|70.00WP,$VIX,05/08/24,70.00,+322.96%,52.34,53.73,55.11,0.00,unch,unch,0,0,unch,-0.93873,404.22%,Put,13,N/A,73.82%,89.92%,N/A,N/A,Put,2024-04-25 12:43:35 EDT-0400
$VIX|20240508|75.00WP,$VIX,05/08/24,75.00,+353.17%,57.32,58.71,60.10,0.00,unch,unch,0,0,unch,-0.94229,414.90%,Put,13,N/A,73.82%,89.92%,N/A,N/A,Put,2024-04-25 12:43:35 EDT-0400
$VIX|20240508|80.00WP,$VIX,05/08/24,80.00,+383.38%,62.31,63.70,65.09,63.32,unch,unch,0,1,unch,-0.94509,425.74%,Put,13,04/15/24,73.82%,89.92%,N/A,N/A,Put,2024-04-25 12:43:35 EDT-0400
$VIX|20240508|85.00WP,$VIX,05/08/24,85.00,+413.60%,67.30,68.69,70.08,0.00,unch,unch,0,0,unch,-0.94766,435.57%,Put,13,N/A,73.82%,89.92%,N/A,N/A,Put,2024-04-25 12:43:35 EDT-0400
$VIX|20240508|90.00WP,$VIX,05/08/24,90.00,+443.81%,72.29,73.68,75.07,73.23,unch,unch,0,1,unch,-0.95061,444.44%,Put,13,04/15/24,73.82%,89.92%,N/A,N/A,Put,2024-04-25 12:43:35 EDT-0400
$VIX|20240508|95.00WP,$VIX,05/08/24,95.00,+474.02%,77.28,78.66,80.05,0.00,unch,unch,0,0,unch,-0.95381,450.78%,Put,13,N/A,73.82%,89.92%,N/A,N/A,Put,2024-04-25 12:43:35 EDT-0400
$VIX|20240508|100.00WP,$VIX,05/08/24,100.00,+504.23%,82.27,83.66,85.04,0.00,unch,unch,0,0,unch,-0.95646,457.95%,Put,13,N/A,73.82%,89.92%,N/A,N/A,Put,2024-04-25 12:43:35 EDT-0400
$VIX|20240501|10.00WP,$VIX,05/01/24,10.00,-39.58%,0.00,0.01,0.01,0.00,unch,unch,0,0,unch,0.00000,0.00%,Put,6,N/A,70.28%,89.92%,N/A,N/A,Put,2024-04-25 12:43:35 EDT-0400
$VIX|20240501|10.50WP,$VIX,05/01/24,10.50,-36.56%,0.00,0.01,0.01,0.00,unch,unch,0,0,unch,0.00000,0.00%,Put,6,N/A,70.28%,89.92%,N/A,N/A,Put,2024-04-25 12:43:35 EDT-0400
$VIX|20240501|11.00WP,$VIX,05/01/24,11.00,-33.53%,0.00,0.01,0.01,0.01,unch,unch,0,8,unch,0.00000,0.00%,Put,6,04/23/24,70.28%,89.92%,N/A,N/A,Put,2024-04-25 12:43:35 EDT-0400
$VIX|20240501|11.50WP,$VIX,05/01/24,11.50,-30.51%,0.00,0.01,0.01,0.02,unch,unch,0,1,unch,0.00000,0.00%,Put,6,04/12/24,70.28%,89.92%,N/A,N/A,Put,2024-04-25 12:43:35 EDT-0400
$VIX|20240501|12.00WP,$VIX,05/01/24,12.00,-27.49%,0.00,0.01,0.01,0.01,unch,unch,0,373,unch,0.00000,0.00%,Put,6,04/23/24,70.28%,89.92%,N/A,N/A,Put,2024-04-25 12:43:35 EDT-0400
$VIX|20240501|12.50WP,$VIX,05/01/24,12.50,-24.47%,0.00,0.01,0.01,0.01,+0.01,unch,2,"5,546",unch,-0.01300,100.00%,Put,6,11:29 ET,70.28%,89.92%,N/A,N/A,Put,2024-04-25 12:43:35 EDT-0400
$VIX|20240501|13.00WP,$VIX,05/01/24,13.00,-21.45%,0.00,0.02,0.03,0.04,unch,unch,4,98,+4,0.00000,0.00%,Put,6,04/24/24,70.28%,89.92%,N/A,N/A,Put,2024-04-25 12:43:35 EDT-0400
$VIX|20240501|13.50WP,$VIX,05/01/24,13.50,-18.43%,0.00,0.02,0.03,0.03,unch,unch,0,179,unch,0.00000,0.00%,Put,6,04/23/24,70.28%,89.92%,N/A,N/A,Put,2024-04-25 12:43:35 EDT-0400
$VIX|20240501|14.00WP,$VIX,05/01/24,14.00,-15.41%,0.01,0.04,0.07,0.05,unch,unch,45,"4,726",-9,-0.06114,85.78%,Put,6,11:02 ET,70.28%,89.92%,N/A,N/A,Put,2024-04-25 12:43:35 EDT-0400
$VIX|20240501|14.50WP,$VIX,05/01/24,14.50,-12.39%,0.01,0.06,0.10,0.05,-0.05,-50.00%,26,"2,210","+1,982",-0.07219,71.04%,Put,6,12:04 ET,70.28%,89.92%,N/A,N/A,Put,2024-04-25 12:43:35 EDT-0400
$VIX|20240501|15.00WP,$VIX,05/01/24,15.00,-9.37%,0.05,0.08,0.11,0.11,-0.11,-50.00%,147,"4,398",+53,-0.13844,71.05%,Put,6,12:14 ET,70.28%,89.92%,N/A,N/A,Put,2024-04-25 12:43:35 EDT-0400
$VIX|20240501|16.00WP,$VIX,05/01/24,16.00,-3.32%,0.30,0.40,0.50,0.35,-0.30,-46.15%,309,"1,210",+134,-0.34740,67.75%,Put,6,11:51 ET,70.28%,89.92%,N/A,N/A,Put,2024-04-25 12:43:35 EDT-0400
$VIX|20240501|17.00WP,$VIX,05/01/24,17.00,+2.72%,0.84,1.03,1.21,1.12,-0.38,-25.33%,899,679,-42,-0.60076,77.83%,Put,6,12:22 ET,70.28%,89.92%,N/A,N/A,Put,2024-04-25 12:43:35 EDT-0400
$VIX|20240501|18.00WP,$VIX,05/01/24,18.00,+8.76%,1.64,1.86,2.07,1.80,-0.37,-17.05%,756,"1,583",+8,-0.74431,95.41%,Put,6,11:59 ET,70.28%,89.92%,N/A,N/A,Put,2024-04-25 12:43:35 EDT-0400
$VIX|20240501|19.00WP,$VIX,05/01/24,19.00,+14.80%,2.49,2.74,2.99,2.70,-0.45,-14.29%,21,335,unch,-0.83205,107.57%,Put,6,11:45 ET,70.28%,89.92%,N/A,N/A,Put,2024-04-25 12:43:35 EDT-0400
$VIX|20240501|20.00WP,$VIX,05/01/24,20.00,+20.85%,3.43,3.69,3.95,4.05,unch,unch,0,377,unch,-0.86046,129.68%,Put,6,04/23/24,70.28%,89.92%,N/A,N/A,Put,2024-04-25 12:43:35 EDT-0400
$VIX|20240501|21.00WP,$VIX,05/01/24,21.00,+26.89%,4.39,4.68,4.97,3.65,unch,unch,0,10,unch,-0.88008,148.99%,Put,6,04/17/24,70.28%,89.92%,N/A,N/A,Put,2024-04-25 12:43:35 EDT-0400
$VIX|20240501|22.00WP,$VIX,05/01/24,22.00,+32.93%,5.37,5.66,5.95,5.45,-0.69,-11.24%,1,1,+1,-0.80673,223.25%,Put,6,09:30 ET,70.28%,89.92%,N/A,N/A,Put,2024-04-25 12:43:35 EDT-0400
$VIX|20240501|23.00WP,$VIX,05/01/24,23.00,+38.97%,6.35,6.65,6.94,6.98,unch,unch,0,3,unch,-0.91314,176.95%,Put,6,04/23/24,70.28%,89.92%,N/A,N/A,Put,2024-04-25 12:43:35 EDT-0400
$VIX|20240501|24.00WP,$VIX,05/01/24,24.00,+45.02%,7.33,7.63,7.93,7.22,-0.73,-9.18%,1,2,+1,-0.92527,188.53%,Put,6,09:44 ET,70.28%,89.92%,N/A,N/A,Put,2024-04-25 12:43:35 EDT-0400
$VIX|20240501|25.00WP,$VIX,05/01/24,25.00,+51.06%,8.32,8.62,8.92,0.00,unch,unch,0,0,unch,-0.93361,200.17%,Put,6,N/A,70.28%,89.92%,N/A,N/A,Put,2024-04-25 12:43:35 EDT-0400
$VIX|20240501|26.00WP,$VIX,05/01/24,26.00,+57.10%,9.31,9.61,9.91,0.00,unch,unch,0,0,unch,-0.94103,210.46%,Put,6,N/A,70.28%,89.92%,N/A,N/A,Put,2024-04-25 12:43:35 EDT-0400
$VIX|20240501|27.00WP,$VIX,05/01/24,27.00,+63.14%,10.30,10.60,10.90,0.00,unch,unch,0,0,unch,-0.94781,219.49%,Put,6,N/A,70.28%,89.92%,N/A,N/A,Put,2024-04-25 12:43:35 EDT-0400
$VIX|20240501|28.00WP,$VIX,05/01/24,28.00,+69.18%,11.30,11.60,11.89,10.83,unch,unch,0,0,unch,-0.95204,229.69%,Put,6,04/16/24,70.28%,89.92%,N/A,N/A,Put,2024-04-25 12:43:35 EDT-0400
$VIX|20240501|29.00WP,$VIX,05/01/24,29.00,+75.23%,12.29,12.59,12.89,11.49,unch,unch,0,4,unch,-0.95588,239.07%,Put,6,04/15/24,70.28%,89.92%,N/A,N/A,Put,2024-04-25 12:43:35 EDT-0400
$VIX|20240501|30.00WP,$VIX,05/01/24,30.00,+81.27%,13.28,13.58,13.88,0.00,unch,unch,0,0,unch,-0.96163,244.89%,Put,6,N/A,70.28%,89.92%,N/A,N/A,Put,2024-04-25 12:43:35 EDT-0400
$VIX|20240501|31.00WP,$VIX,05/01/24,31.00,+87.31%,14.28,14.58,14.88,15.28,unch,unch,0,210,unch,-0.96276,255.56%,Put,6,04/03/24,70.28%,89.92%,N/A,N/A,Put,2024-04-25 12:43:35 EDT-0400
$VIX|20240501|32.00WP,$VIX,05/01/24,32.00,+93.35%,15.28,15.58,15.88,0.00,unch,unch,0,0,unch,-0.96376,265.81%,Put,6,N/A,70.28%,89.92%,N/A,N/A,Put,2024-04-25 12:43:35 EDT-0400
$VIX|20240501|33.00WP,$VIX,05/01/24,33.00,+99.40%,15.38,16.69,17.99,0.00,unch,unch,0,0,unch,-0.93042,322.72%,Put,6,N/A,70.28%,89.92%,N/A,N/A,Put,2024-04-25 12:43:35 EDT-0400
$VIX|20240501|34.00WP,$VIX,05/01/24,34.00,+105.44%,16.38,17.69,18.99,0.00,unch,unch,0,0,unch,-0.93190,333.08%,Put,6,N/A,70.28%,89.92%,N/A,N/A,Put,2024-04-25 12:43:35 EDT-0400
$VIX|20240501|35.00WP,$VIX,05/01/24,35.00,+111.48%,17.38,18.68,19.98,0.00,unch,unch,0,0,unch,-0.93461,341.20%,Put,6,N/A,70.28%,89.92%,N/A,N/A,Put,2024-04-25 12:43:35 EDT-0400
$VIX|20240501|36.00WP,$VIX,05/01/24,36.00,+117.52%,18.37,19.68,20.98,0.00,unch,unch,0,0,unch,-0.93716,348.88%,Put,6,N/A,70.28%,89.92%,N/A,N/A,Put,2024-04-25 12:43:35 EDT-0400
$VIX|20240501|37.00WP,$VIX,05/01/24,37.00,+123.56%,19.37,20.68,21.98,0.00,unch,unch,0,0,unch,-0.93824,358.12%,Put,6,N/A,70.28%,89.92%,N/A,N/A,Put,2024-04-25 12:43:35 EDT-0400
$VIX|20240501|38.00WP,$VIX,05/01/24,38.00,+129.61%,20.37,21.68,22.98,0.00,unch,unch,0,0,unch,-0.93923,367.04%,Put,6,N/A,70.28%,89.92%,N/A,N/A,Put,2024-04-25 12:43:35 EDT-0400
$VIX|20240501|39.00WP,$VIX,05/01/24,39.00,+135.65%,21.37,22.68,23.98,0.00,unch,unch,0,0,unch,-0.94015,375.68%,Put,6,N/A,70.28%,89.92%,N/A,N/A,Put,2024-04-25 12:43:35 EDT-0400
$VIX|20240501|40.00WP,$VIX,05/01/24,40.00,+141.69%,22.36,23.67,24.98,0.00,unch,unch,0,0,unch,-0.94228,382.02%,Put,6,N/A,70.28%,89.92%,N/A,N/A,Put,2024-04-25 12:43:35 EDT-0400
$VIX|20240501|42.50WP,$VIX,05/01/24,42.50,+156.80%,24.86,26.17,27.48,25.74,unch,unch,0,40,unch,-0.94410,401.82%,Put,6,04/22/24,70.28%,89.92%,N/A,N/A,Put,2024-04-25 12:43:35 EDT-0400
$VIX|20240501|45.00WP,$VIX,05/01/24,45.00,+171.90%,27.36,28.67,29.98,0.00,unch,unch,0,0,unch,-0.94564,420.27%,Put,6,N/A,70.28%,89.92%,N/A,N/A,Put,2024-04-25 12:43:35 EDT-0400
$VIX|20240501|47.50WP,$VIX,05/01/24,47.50,+187.01%,29.86,31.17,32.47,0.00,unch,unch,0,0,unch,-0.94825,435.31%,Put,6,N/A,70.28%,89.92%,N/A,N/A,Put,2024-04-25 12:43:35 EDT-0400
$VIX|20240501|50.00WP,$VIX,05/01/24,50.00,+202.11%,32.35,33.66,34.97,0.00,unch,unch,0,0,unch,-0.95069,449.18%,Put,6,N/A,70.28%,89.92%,N/A,N/A,Put,2024-04-25 12:43:35 EDT-0400
$VIX|20240501|55.00WP,$VIX,05/01/24,55.00,+232.33%,37.35,38.66,39.97,0.00,unch,unch,0,0,unch,-0.95259,478.78%,Put,6,N/A,70.28%,89.92%,N/A,N/A,Put,2024-04-25 12:43:35 EDT-0400
$VIX|20240501|60.00WP,$VIX,05/01/24,60.00,+262.54%,42.34,43.65,44.96,44.10,unch,unch,5,6,+5,-0.95634,500.40%,Put,6,04/24/24,70.28%,89.92%,N/A,N/A,Put,2024-04-25 12:43:35 EDT-0400
$VIX|20240501|65.00WP,$VIX,05/01/24,65.00,+292.75%,47.34,48.65,49.96,49.10,unch,unch,5,5,+5,-0.95738,524.51%,Put,6,N/A,70.28%,89.92%,N/A,N/A,Put,2024-04-25 12:43:35 EDT-0400
$VIX|20240501|70.00WP,$VIX,05/01/24,70.00,+322.96%,52.33,53.64,54.95,54.10,unch,unch,6,6,+6,-0.96080,541.16%,Put,6,04/24/24,70.28%,89.92%,N/A,N/A,Put,2024-04-25 12:43:35 EDT-0400
$VIX|20240501|75.00WP,$VIX,05/01/24,75.00,+353.17%,57.33,58.64,59.95,0.00,unch,unch,0,0,unch,-0.96149,561.47%,Put,6,N/A,70.28%,89.92%,N/A,N/A,Put,2024-04-25 12:43:35 EDT-0400
$VIX|20240501|80.00WP,$VIX,05/01/24,80.00,+383.38%,62.33,63.64,64.94,62.60,unch,unch,0,1,unch,-0.96308,577.43%,Put,6,04/18/24,70.28%,89.92%,N/A,N/A,Put,2024-04-25 12:43:35 EDT-0400
$VIX|20240501|85.00WP,$VIX,05/01/24,85.00,+413.60%,67.32,68.63,69.93,0.00,unch,unch,0,0,unch,-0.96584,588.87%,Put,6,N/A,70.28%,89.92%,N/A,N/A,Put,2024-04-25 12:43:35 EDT-0400
$VIX|20240501|90.00WP,$VIX,05/01/24,90.00,+443.81%,72.32,73.63,74.93,0.00,unch,unch,0,0,unch,-0.96618,605.31%,Put,6,N/A,70.28%,89.92%,N/A,N/A,Put,2024-04-25 12:43:35 EDT-0400
$VIX|20240501|95.00WP,$VIX,05/01/24,95.00,+474.02%,77.31,78.62,79.92,0.00,unch,unch,0,0,unch,-0.96872,614.21%,Put,6,N/A,70.28%,89.92%,N/A,N/A,Put,2024-04-25 12:43:35 EDT-0400
$VIX|20240501|100.00WP,$VIX,05/01/24,100.00,+504.23%,82.31,83.62,84.92,0.00,unch,unch,0,0,unch,-0.96892,628.81%,Put,6,N/A,70.28%,89.92%,N/A,N/A,Put,2024-04-25 12:43:35 EDT-0400
$VIX|20240515|10.00WP,$VIX,05/15/24,10.00,-39.58%,0.00,0.01,0.02,0.00,unch,unch,0,0,unch,0.00000,0.00%,Put,20,N/A,75.02%,89.92%,N/A,N/A,Put,2024-04-25 12:43:35 EDT-0400
$VIX|20240515|10.50WP,$VIX,05/15/24,10.50,-36.56%,0.00,0.01,0.02,0.00,unch,unch,0,0,unch,0.00000,0.00%,Put,20,N/A,75.02%,89.92%,N/A,N/A,Put,2024-04-25 12:43:35 EDT-0400
$VIX|20240515|11.00WP,$VIX,05/15/24,11.00,-33.53%,0.00,0.01,0.02,0.00,unch,unch,0,0,unch,0.00000,0.00%,Put,20,N/A,75.02%,89.92%,N/A,N/A,Put,2024-04-25 12:43:35 EDT-0400
$VIX|20240515|11.50WP,$VIX,05/15/24,11.50,-30.51%,0.00,0.01,0.02,0.00,unch,unch,0,0,unch,0.00000,0.00%,Put,20,N/A,75.02%,89.92%,N/A,N/A,Put,2024-04-25 12:43:35 EDT-0400
$VIX|20240515|12.00WP,$VIX,05/15/24,12.00,-27.49%,0.00,0.01,0.02,0.01,+0.01,unch,1,45,unch,-0.01155,62.15%,Put,20,10:11 ET,75.02%,89.92%,N/A,N/A,Put,2024-04-25 12:43:35 EDT-0400
$VIX|20240515|12.50WP,$VIX,05/15/24,12.50,-24.47%,0.00,0.02,0.03,0.04,unch,unch,0,25,unch,0.00000,0.00%,Put,20,04/12/24,75.02%,89.92%,N/A,N/A,Put,2024-04-25 12:43:35 EDT-0400
$VIX|20240515|13.00WP,$VIX,05/15/24,13.00,-21.45%,0.00,0.03,0.05,0.02,unch,unch,0,510,unch,0.00000,0.00%,Put,20,04/22/24,75.02%,89.92%,N/A,N/A,Put,2024-04-25 12:43:35 EDT-0400
$VIX|20240515|13.50WP,$VIX,05/15/24,13.50,-18.43%,0.05,0.07,0.08,0.05,+0.05,unch,1,63,unch,-0.05267,55.55%,Put,20,11:21 ET,75.02%,89.92%,N/A,N/A,Put,2024-04-25 12:43:35 EDT-0400
$VIX|20240515|14.00WP,$VIX,05/15/24,14.00,-15.41%,0.04,0.11,0.17,0.12,+0.12,unch,30,218,unch,-0.10353,59.40%,Put,20,10:18 ET,75.02%,89.92%,N/A,N/A,Put,2024-04-25 12:43:35 EDT-0400
$VIX|20240515|14.50WP,$VIX,05/15/24,14.50,-12.39%,0.12,0.21,0.29,0.05,-0.16,-76.19%,1,21,unch,-0.15839,59.94%,Put,20,09:50 ET,75.02%,89.92%,N/A,N/A,Put,2024-04-25 12:43:35 EDT-0400
$VIX|20240515|15.00WP,$VIX,05/15/24,15.00,-9.37%,0.25,0.36,0.47,0.29,-0.16,-35.56%,1,540,-231,-0.21547,57.32%,Put,20,10:11 ET,75.02%,89.92%,N/A,N/A,Put,2024-04-25 12:43:35 EDT-0400
$VIX|20240515|16.00WP,$VIX,05/15/24,16.00,-3.32%,0.68,0.75,0.81,0.81,-0.23,-22.12%,2,749,+1,-0.39065,69.41%,Put,20,11:25 ET,75.02%,89.92%,N/A,N/A,Put,2024-04-25 12:43:35 EDT-0400
$VIX|20240515|17.00WP,$VIX,05/15/24,17.00,+2.72%,1.33,1.49,1.65,1.35,-0.15,-10.00%,101,"1,548",unch,-0.53772,70.19%,Put,20,10:10 ET,75.02%,89.92%,N/A,N/A,Put,2024-04-25 12:43:35 EDT-0400
$VIX|20240515|18.00WP,$VIX,05/15/24,18.00,+8.76%,2.04,2.25,2.45,1.92,-0.75,-28.09%,9,62,-2,-0.62851,86.22%,Put,20,10:30 ET,75.02%,89.92%,N/A,N/A,Put,2024-04-25 12:43:35 EDT-0400
$VIX|20240515|19.00WP,$VIX,05/15/24,19.00,+14.80%,2.85,3.08,3.30,3.42,unch,unch,1,15,-1,-0.70596,92.73%,Put,20,04/24/24,75.02%,89.92%,N/A,N/A,Put,2024-04-25 12:43:35 EDT-0400
$VIX|20240515|20.00WP,$VIX,05/15/24,20.00,+20.85%,3.72,3.96,4.20,4.36,unch,unch,0,13,unch,-0.76222,99.35%,Put,20,04/23/24,75.02%,89.92%,N/A,N/A,Put,2024-04-25 12:43:35 EDT-0400
$VIX|20240515|21.00WP,$VIX,05/15/24,21.00,+26.89%,4.62,4.87,5.12,4.75,unch,unch,0,10,unch,-0.80617,105.02%,Put,20,04/22/24,75.02%,89.92%,N/A,N/A,Put,2024-04-25 12:43:35 EDT-0400
$VIX|20240515|22.00WP,$VIX,05/15/24,22.00,+32.93%,5.55,5.82,6.10,5.20,unch,unch,0,15,unch,-0.83323,112.72%,Put,20,04/15/24,75.02%,89.92%,N/A,N/A,Put,2024-04-25 12:43:35 EDT-0400
$VIX|20240515|23.00WP,$VIX,05/15/24,23.00,+38.97%,6.49,6.78,7.06,0.00,unch,unch,0,0,unch,-0.85827,118.23%,Put,20,N/A,75.02%,89.92%,N/A,N/A,Put,2024-04-25 12:43:35 EDT-0400
$VIX|20240515|24.00WP,$VIX,05/15/24,24.00,+45.02%,7.46,7.74,8.03,7.10,unch,unch,0,4,unch,-0.87513,124.66%,Put,20,04/16/24,75.02%,89.92%,N/A,N/A,Put,2024-04-25 12:43:35 EDT-0400
$VIX|20240515|25.00WP,$VIX,05/15/24,25.00,+51.06%,8.41,8.71,9.00,0.00,unch,unch,0,0,unch,-0.89479,128.53%,Put,20,N/A,75.02%,89.92%,N/A,N/A,Put,2024-04-25 12:43:35 EDT-0400
$VIX|20240515|26.00WP,$VIX,05/15/24,26.00,+57.10%,9.37,9.68,10.00,0.00,unch,unch,0,0,unch,-0.90562,134.13%,Put,20,N/A,75.02%,89.92%,N/A,N/A,Put,2024-04-25 12:43:35 EDT-0400
$VIX|20240515|27.00WP,$VIX,05/15/24,27.00,+63.14%,10.35,10.67,10.98,0.00,unch,unch,0,0,unch,-0.91557,138.93%,Put,20,N/A,75.02%,89.92%,N/A,N/A,Put,2024-04-25 12:43:35 EDT-0400
$VIX|20240515|28.00WP,$VIX,05/15/24,28.00,+69.18%,11.32,11.64,11.96,0.00,unch,unch,0,0,unch,-0.92745,142.00%,Put,20,N/A,75.02%,89.92%,N/A,N/A,Put,2024-04-25 12:43:35 EDT-0400
$VIX|20240515|29.00WP,$VIX,05/15/24,29.00,+75.23%,12.30,12.62,12.94,0.00,unch,unch,0,0,unch,-0.93716,145.05%,Put,20,N/A,75.02%,89.92%,N/A,N/A,Put,2024-04-25 12:43:35 EDT-0400
$VIX|20240515|30.00WP,$VIX,05/15/24,30.00,+81.27%,13.28,13.60,13.92,12.70,unch,unch,0,14,unch,-0.94620,147.19%,Put,20,04/15/24,75.02%,89.92%,N/A,N/A,Put,2024-04-25 12:43:35 EDT-0400
$VIX|20240515|31.00WP,$VIX,05/15/24,31.00,+87.31%,14.26,14.58,14.90,0.00,unch,unch,0,0,unch,-0.95633,148.19%,Put,20,N/A,75.02%,89.92%,N/A,N/A,Put,2024-04-25 12:43:35 EDT-0400
$VIX|20240515|32.00WP,$VIX,05/15/24,32.00,+93.35%,15.25,15.57,15.89,0.00,unch,unch,0,0,unch,-0.96147,151.12%,Put,20,N/A,75.02%,89.92%,N/A,N/A,Put,2024-04-25 12:43:35 EDT-0400
$VIX|20240515|33.00WP,$VIX,05/15/24,33.00,+99.40%,16.23,16.56,16.88,0.00,unch,unch,0,0,unch,-0.96952,151.52%,Put,20,N/A,75.02%,89.92%,N/A,N/A,Put,2024-04-25 12:43:35 EDT-0400
$VIX|20240515|34.00WP,$VIX,05/15/24,34.00,+105.44%,17.22,17.55,17.87,0.00,unch,unch,0,0,unch,-0.97502,152.64%,Put,20,N/A,75.02%,89.92%,N/A,N/A,Put,2024-04-25 12:43:35 EDT-0400
$VIX|20240515|35.00WP,$VIX,05/15/24,35.00,+111.48%,18.21,18.53,18.85,0.00,unch,unch,0,0,unch,-0.98558,149.11%,Put,20,N/A,75.02%,89.92%,N/A,N/A,Put,2024-04-25 12:43:35 EDT-0400
$VIX|20240515|36.00WP,$VIX,05/15/24,36.00,+117.52%,19.19,19.52,19.84,0.00,unch,unch,0,0,unch,-0.89070,225.46%,Put,20,N/A,75.02%,89.92%,N/A,N/A,Put,2024-04-25 12:43:35 EDT-0400
$VIX|20240515|37.00WP,$VIX,05/15/24,37.00,+123.56%,20.18,20.51,20.83,0.00,unch,unch,0,0,unch,-0.89496,229.66%,Put,20,N/A,75.02%,89.92%,N/A,N/A,Put,2024-04-25 12:43:35 EDT-0400
$VIX|20240515|38.00WP,$VIX,05/15/24,38.00,+129.61%,21.17,21.50,21.82,0.00,unch,unch,0,0,unch,-0.89870,233.61%,Put,20,N/A,75.02%,89.92%,N/A,N/A,Put,2024-04-25 12:43:35 EDT-0400
$VIX|20240515|39.00WP,$VIX,05/15/24,39.00,+135.65%,22.16,22.49,22.82,0.00,unch,unch,0,0,unch,-0.89996,238.83%,Put,20,N/A,75.02%,89.92%,N/A,N/A,Put,2024-04-25 12:43:35 EDT-0400
$VIX|20240515|40.00WP,$VIX,05/15/24,40.00,+141.69%,23.15,23.48,23.81,23.60,unch,unch,10,14,+10,-0.90313,242.38%,Put,20,04/24/24,75.02%,89.92%,N/A,N/A,Put,2024-04-25 12:43:35 EDT-0400
$VIX|20240515|42.50WP,$VIX,05/15/24,42.50,+156.80%,25.63,25.96,26.29,0.00,unch,unch,0,0,unch,-0.90966,251.20%,Put,20,N/A,75.02%,89.92%,N/A,N/A,Put,2024-04-25 12:43:35 EDT-0400
$VIX|20240515|45.00WP,$VIX,05/15/24,45.00,+171.90%,28.11,28.44,28.77,0.00,unch,unch,0,0,unch,-0.91564,258.99%,Put,20,N/A,75.02%,89.92%,N/A,N/A,Put,2024-04-25 12:43:35 EDT-0400
$VIX|20240515|47.50WP,$VIX,05/15/24,47.50,+187.01%,30.60,30.93,31.25,0.00,unch,unch,0,0,unch,-0.92169,265.83%,Put,20,N/A,75.02%,89.92%,N/A,N/A,Put,2024-04-25 12:43:35 EDT-0400
$VIX|20240515|50.00WP,$VIX,05/15/24,50.00,+202.11%,33.08,33.41,33.74,0.00,unch,unch,0,0,unch,-0.92548,273.66%,Put,20,N/A,75.02%,89.92%,N/A,N/A,Put,2024-04-25 12:43:35 EDT-0400
$VIX|20240515|55.00WP,$VIX,05/15/24,55.00,+232.33%,38.05,38.38,38.71,0.00,unch,unch,0,0,unch,-0.93384,285.47%,Put,20,N/A,75.02%,89.92%,N/A,N/A,Put,2024-04-25 12:43:35 EDT-0400
$VIX|20240515|60.00WP,$VIX,05/15/24,60.00,+262.54%,43.03,43.36,43.69,42.62,unch,unch,0,1,unch,-0.93947,297.08%,Put,20,04/22/24,75.02%,89.92%,N/A,N/A,Put,2024-04-25 12:43:35 EDT-0400
$VIX|20240515|65.00WP,$VIX,05/15/24,65.00,+292.75%,48.01,48.34,48.67,0.00,unch,unch,0,0,unch,-0.94548,306.81%,Put,20,N/A,75.02%,89.92%,N/A,N/A,Put,2024-04-25 12:43:35 EDT-0400
$VIX|20240515|70.00WP,$VIX,05/15/24,70.00,+322.96%,52.99,53.32,53.65,0.00,unch,unch,0,0,unch,-0.95117,314.92%,Put,20,N/A,75.02%,89.92%,N/A,N/A,Put,2024-04-25 12:43:35 EDT-0400
$VIX|20240515|75.00WP,$VIX,05/15/24,75.00,+353.17%,56.93,58.36,59.79,0.00,unch,unch,0,0,unch,-0.79189,475.87%,Put,20,N/A,75.02%,89.92%,N/A,N/A,Put,2024-04-25 12:43:35 EDT-0400
$VIX|20240515|80.00WP,$VIX,05/15/24,80.00,+383.38%,61.91,63.34,64.77,62.50,unch,unch,0,1,unch,-0.79600,486.62%,Put,20,04/22/24,75.02%,89.92%,N/A,N/A,Put,2024-04-25 12:43:35 EDT-0400
$VIX|20240515|85.00WP,$VIX,05/15/24,85.00,+413.60%,66.89,68.32,69.75,0.00,unch,unch,0,0,unch,-0.79980,496.47%,Put,20,N/A,75.02%,89.92%,N/A,N/A,Put,2024-04-25 12:43:35 EDT-0400
$VIX|20240515|90.00WP,$VIX,05/15/24,90.00,+443.81%,71.88,73.31,74.73,0.00,unch,unch,0,0,unch,-0.80335,505.53%,Put,20,N/A,75.02%,89.92%,N/A,N/A,Put,2024-04-25 12:43:35 EDT-0400
$VIX|20240515|95.00WP,$VIX,05/15/24,95.00,+474.02%,76.86,78.29,79.72,0.00,unch,unch,0,0,unch,-0.80574,514.86%,Put,20,N/A,75.02%,89.92%,N/A,N/A,Put,2024-04-25 12:43:35 EDT-0400
$VIX|20240515|100.00WP,$VIX,05/15/24,100.00,+504.23%,81.84,83.27,84.70,0.00,unch,unch,0,0,unch,-0.80927,522.63%,Put,20,N/A,75.02%,89.92%,N/A,N/A,Put,2024-04-25 12:43:35 EDT-0400
